TWA\TWS;0;2;4;8;10;12;16;18;20;24;28;32;36;40;50
0;0.0;0.0;0.0;0.0;0.0;0.0;0.0;0.0;0.0;0.0;0.0;0.0;0.0;0.0;0.0
30;0.0;0.3;0.7;1.6;2.4;3.4;4.6;4.9;5.2;5.6;5.8;5.2;4.6;4.0;3.0
40;0.0;0.7;1.8;3.8;5.0;6.3;7.4;7.8;8.1;8.7;9.0;7.9;6.9;6.0;4.5
50;0.0;1.2;2.9;5.8;7.1;8.4;9.4;9.8;10.1;10.7;11.0;9.3;8.1;7.0;5.2
52;0.0;1.4;3.2;6.2;7.6;8.9;10.0;10.4;10.7;11.4;11.7;9.9;8.6;7.4;5.5
54;0.0;1.6;3.5;6.6;8.0;9.3;10.5;10.9;11.2;12.0;12.3;10.3;8.9;7.6;5.7
56;0.0;1.8;3.9;7.0;8.4;9.7;10.9;11.3;11.7;12.6;13.0;10.8;9.3;8.0;6.0
58;0.0;2.0;4.2;7.3;8.8;10.0;11.2;11.7;12.1;13.0;13.4;11.1;9.6;8.2;6.1
60;0.0;2.2;4.5;7.6;9.1;10.3;11.5;12.0;12.4;13.4;13.9;11.5;9.9;8.4;6.3
65;0.0;2.5;4.9;8.0;9.5;10.8;12.2;12.8;13.3;14.6;15.3;12.2;10.5;8.9;6.7
70;0.0;2.6;5.1;8.3;9.8;11.1;12.6;13.3;13.9;15.4;16.2;12.8;10.9;9.2;7.0
75;0.0;2.7;5.2;8.6;10.1;11.5;13.2;14.0;14.7;16.4;17.3;13.6;11.5;9.7;7.3
80;0.0;2.7;5.3;8.8;10.3;11.8;13.8;14.7;15.4;17.3;18.4;14.4;12.1;10.2;7.7
85;0.0;2.7;5.3;9.0;10.4;12.0;14.1;15.1;15.9;18.0;19.3;15.0;12.6;10.6;8.0
90;0.0;2.7;5.3;9.1;10.5;12.1;14.4;15.4;16.2;18.6;20.0;15.5;13.0;11.0;8.3
95;0.0;2.7;5.3;9.1;10.6;12.2;14.7;15.8;16.6;19.2;20.7;16.0;13.5;11.4;8.6
100;0.0;2.7;5.3;9.2;10.6;12.3;15.0;16.1;17.0;19.7;21.4;16.4;13.9;11.7;8.8
105;0.0;2.7;5.3;9.2;10.7;12.4;15.3;16.5;17.4;20.3;22.1;16.8;14.3;12.1;9.1
110;0.0;2.7;5.3;9.2;10.7;12.5;15.6;16.9;17.9;21.0;23.0;17.4;14.8;12.5;9.4
115;0.0;2.6;5.2;9.1;10.6;12.5;15.8;17.2;18.3;21.6;23.8;17.9;15.2;12.9;9.7
120;0.0;2.6;5.1;9.0;10.5;12.4;16.0;17.5;18.7;22.2;24.5;18.4;15.7;13.3;10.0
125;0.0;2.5;5.0;8.9;10.4;12.3;16.1;17.7;19.0;22.6;25.0;18.7;16.0;13.6;10.2
130;0.0;2.4;4.8;8.7;10.2;12.1;16.2;18.0;19.4;23.0;25.5;19.0;16.2;13.8;10.4
135;0.0;2.2;4.4;8.4;9.9;11.8;16.0;18.0;19.6;23.6;26.0;19.0;16.0;13.6;10.2
140;0.0;1.8;3.8;8.0;9.5;11.4;15.6;17.7;19.4;23.8;26.1;18.9;15.9;13.4;10.1
145;0.0;1.4;3.2;7.5;9.0;10.9;15.0;17.2;19.0;23.6;25.7;18.5;15.6;13.1;9.8
150;0.0;1.1;2.6;6.9;8.4;10.3;14.2;16.3;18.1;22.7;24.6;17.6;14.8;12.4;9.3
155;0.0;0.9;2.2;6.2;7.7;9.5;13.1;15.0;16.7;20.9;22.5;16.3;13.7;11.5;8.6
160;0.0;0.7;1.9;5.4;6.8;8.5;11.8;13.5;15.0;18.6;20.0;14.6;12.3;10.3;7.7
170;0.0;0.6;1.4;4.0;5.2;6.5;9.0;10.2;11.2;13.6;14.6;10.8;9.4;7.9;5.9
180;0.0;0.5;1.2;3.5;4.6;5.9;8.2;9.3;10.2;12.4;13.1;9.9;8.7;7.3;5.5