TWA\TWS;0;1;2;3;4;5;6;7;8;9;10;11;12;13;14;15;16;17;18;19;20;21;22;23;24;25;26;27;28;29;30;31;32;33;34;35;36;37;38;39;40;41;42;43;44;45;46;47;48;49;50;51;52;53;54;55;56;57;58;59;60;61;62;63;64;65;66;67;68;69;70
0;0;0;0;0;0;0;0;0;0;0;0;0;0;0;0;0;0;0;0;0;0;0;0;0;0;0;0;0;0;0;0;0;0;0;0;0;0;0;0;0;0;0;0;0;0;0;0;0;0;0;0;0;0;0;0;0;0;0;0;0;0;0;0;0;0;0;0;0;0;0;0
1;0;0.002;0.004;0.006;0.008;0.009;0.011;0.013;0.015;0.017;0.018;0.021;0.023;0.057;0.092;0.126;0.16;0.157;0.159;0.161;0.168;0.168;0.168;0.168;0.168;0.144;0.121;0.097;0.074;0.074;0.074;0.074;0.074;0.064;0.055;0.046;0.037;0.029;0.022;0.015;0.007;0.007;0.008;0.008;0.008;0.008;0.008;0.008;0.008;0.008;0.008;0.008;0.007;0.007;0.006;0.006;0.006;0.005;0.005;0.004;0.004;0.004;0.003;0.003;0.002;0.002;0.002;0.001;0.001;0;0
2;0;0.004;0.007;0.011;0.015;0.019;0.022;0.026;0.029;0.033;0.037;0.042;0.046;0.115;0.183;0.252;0.32;0.314;0.318;0.321;0.335;0.335;0.335;0.335;0.335;0.288;0.241;0.194;0.147;0.147;0.147;0.147;0.147;0.129;0.11;0.092;0.074;0.059;0.044;0.029;0.015;0.015;0.015;0.015;0.015;0.015;0.016;0.016;0.016;0.016;0.016;0.015;0.015;0.014;0.013;0.012;0.011;0.011;0.01;0.009;0.008;0.007;0.006;0.006;0.005;0.004;0.003;0.002;0.002;0.001;0
3;0;0.006;0.011;0.017;0.023;0.028;0.034;0.039;0.044;0.05;0.055;0.062;0.07;0.172;0.275;0.377;0.48;0.471;0.477;0.482;0.503;0.503;0.503;0.503;0.503;0.432;0.362;0.291;0.221;0.221;0.221;0.221;0.221;0.193;0.165;0.138;0.11;0.088;0.066;0.044;0.022;0.022;0.023;0.023;0.023;0.023;0.023;0.024;0.024;0.024;0.024;0.023;0.022;0.021;0.019;0.018;0.017;0.016;0.015;0.013;0.012;0.011;0.01;0.008;0.007;0.006;0.005;0.004;0.002;0.001;0
4;0;0.007;0.015;0.023;0.031;0.038;0.045;0.052;0.059;0.066;0.074;0.083;0.093;0.229;0.366;0.503;0.64;0.628;0.636;0.643;0.671;0.671;0.671;0.671;0.671;0.577;0.483;0.388;0.294;0.294;0.294;0.294;0.294;0.257;0.221;0.184;0.147;0.118;0.088;0.059;0.029;0.03;0.03;0.03;0.031;0.031;0.031;0.031;0.032;0.032;0.032;0.031;0.029;0.028;0.026;0.024;0.023;0.021;0.019;0.018;0.016;0.015;0.013;0.011;0.01;0.008;0.006;0.005;0.003;0.002;0
5;0;0.009;0.018;0.029;0.039;0.047;0.056;0.065;0.074;0.083;0.092;0.104;0.116;0.287;0.458;0.629;0.8;0.785;0.794;0.804;0.839;0.839;0.839;0.839;0.839;0.721;0.603;0.485;0.368;0.368;0.368;0.368;0.368;0.322;0.276;0.23;0.184;0.147;0.11;0.074;0.037;0.037;0.038;0.038;0.038;0.039;0.039;0.039;0.04;0.04;0.04;0.038;0.036;0.034;0.032;0.03;0.028;0.026;0.024;0.022;0.02;0.018;0.016;0.014;0.012;0.01;0.008;0.006;0.004;0.002;0
6;0;0.011;0.022;0.034;0.046;0.057;0.067;0.078;0.088;0.099;0.11;0.125;0.139;0.344;0.549;0.755;0.96;0.942;0.953;0.964;1.006;1.006;1.006;1.006;1.006;0.865;0.724;0.583;0.441;0.441;0.441;0.441;0.441;0.386;0.331;0.276;0.221;0.177;0.132;0.088;0.044;0.045;0.045;0.045;0.046;0.046;0.047;0.047;0.048;0.048;0.049;0.046;0.044;0.041;0.039;0.036;0.034;0.032;0.029;0.027;0.024;0.022;0.019;0.017;0.015;0.012;0.01;0.007;0.005;0.002;0
7;0;0.013;0.026;0.04;0.054;0.066;0.079;0.091;0.103;0.116;0.129;0.145;0.162;0.402;0.641;0.88;1.12;1.099;1.112;1.125;1.174;1.174;1.174;1.174;1.174;1.009;0.844;0.68;0.515;0.515;0.515;0.515;0.515;0.451;0.386;0.322;0.257;0.206;0.154;0.103;0.051;0.052;0.053;0.053;0.054;0.054;0.055;0.055;0.056;0.056;0.057;0.054;0.051;0.048;0.045;0.042;0.04;0.037;0.034;0.031;0.028;0.025;0.023;0.02;0.017;0.014;0.011;0.008;0.006;0.003;0
8;0;0.015;0.029;0.046;0.062;0.076;0.09;0.104;0.118;0.132;0.147;0.166;0.185;0.459;0.733;1.006;1.28;1.256;1.271;1.286;1.342;1.342;1.342;1.342;1.342;1.153;0.965;0.777;0.588;0.588;0.588;0.588;0.588;0.515;0.441;0.368;0.294;0.235;0.177;0.118;0.059;0.059;0.06;0.061;0.061;0.062;0.062;0.063;0.064;0.064;0.065;0.061;0.058;0.055;0.052;0.049;0.045;0.042;0.039;0.036;0.032;0.029;0.026;0.023;0.019;0.016;0.013;0.01;0.006;0.003;0
9;0;0.017;0.033;0.051;0.07;0.085;0.101;0.117;0.132;0.149;0.165;0.187;0.209;0.516;0.824;1.132;1.44;1.413;1.43;1.446;1.509;1.509;1.509;1.509;1.509;1.297;1.086;0.874;0.662;0.662;0.662;0.662;0.662;0.579;0.496;0.414;0.331;0.265;0.199;0.132;0.066;0.067;0.068;0.068;0.069;0.07;0.07;0.071;0.071;0.072;0.073;0.069;0.066;0.062;0.058;0.055;0.051;0.047;0.044;0.04;0.036;0.033;0.029;0.025;0.022;0.018;0.015;0.011;0.007;0.004;0
10;0;0.018;0.037;0.057;0.077;0.095;0.112;0.13;0.147;0.165;0.184;0.208;0.232;0.574;0.916;1.258;1.6;1.57;1.589;1.607;1.677;1.677;1.677;1.677;1.677;1.442;1.206;0.971;0.736;0.736;0.736;0.736;0.736;0.644;0.552;0.46;0.368;0.294;0.221;0.147;0.074;0.074;0.075;0.076;0.076;0.077;0.078;0.079;0.079;0.08;0.081;0.077;0.073;0.069;0.065;0.061;0.057;0.053;0.049;0.044;0.04;0.036;0.032;0.028;0.024;0.02;0.016;0.012;0.008;0.004;0
11;0;0.02;0.04;0.063;0.085;0.104;0.123;0.143;0.162;0.182;0.202;0.229;0.255;0.631;1.007;1.384;1.76;1.727;1.748;1.768;1.845;1.845;1.845;1.845;1.845;1.586;1.327;1.068;0.809;0.809;0.809;0.809;0.809;0.708;0.607;0.506;0.405;0.324;0.243;0.162;0.081;0.082;0.083;0.083;0.084;0.085;0.086;0.087;0.087;0.088;0.089;0.085;0.08;0.076;0.071;0.067;0.062;0.058;0.053;0.049;0.044;0.04;0.036;0.031;0.027;0.022;0.018;0.013;0.009;0.004;0
12;0;0.022;0.044;0.068;0.093;0.114;0.135;0.156;0.177;0.199;0.221;0.249;0.278;0.688;1.099;1.509;1.92;1.884;1.907;1.929;2.012;2.012;2.012;2.012;2.012;1.73;1.448;1.165;0.883;0.883;0.883;0.883;0.883;0.772;0.662;0.552;0.441;0.353;0.265;0.177;0.088;0.089;0.09;0.091;0.092;0.093;0.094;0.094;0.095;0.096;0.097;0.092;0.087;0.083;0.078;0.073;0.068;0.063;0.058;0.053;0.049;0.044;0.039;0.034;0.029;0.024;0.019;0.015;0.01;0.005;0
13;0;0.024;0.048;0.074;0.1;0.123;0.146;0.169;0.191;0.215;0.239;0.27;0.301;0.746;1.19;1.635;2.08;2.041;2.065;2.089;2.18;2.18;2.18;2.18;2.18;1.874;1.568;1.262;0.956;0.956;0.956;0.956;0.956;0.837;0.717;0.598;0.478;0.382;0.287;0.191;0.096;0.097;0.098;0.098;0.099;0.1;0.101;0.102;0.103;0.104;0.105;0.1;0.095;0.089;0.084;0.079;0.074;0.068;0.063;0.058;0.053;0.047;0.042;0.037;0.032;0.026;0.021;0.016;0.011;0.005;0
14;0;0.026;0.051;0.08;0.108;0.133;0.157;0.181;0.206;0.232;0.257;0.291;0.324;0.803;1.282;1.761;2.24;2.199;2.224;2.25;2.348;2.348;2.348;2.348;2.348;2.018;1.689;1.359;1.03;1.03;1.03;1.03;1.03;0.901;0.772;0.644;0.515;0.412;0.309;0.206;0.103;0.104;0.105;0.106;0.107;0.108;0.109;0.11;0.111;0.112;0.113;0.108;0.102;0.096;0.091;0.085;0.079;0.074;0.068;0.062;0.057;0.051;0.045;0.04;0.034;0.028;0.023;0.017;0.011;0.006;0
15;0;0.028;0.055;0.086;0.116;0.142;0.168;0.194;0.221;0.248;0.276;0.312;0.348;0.861;1.374;1.887;2.4;2.356;2.383;2.411;2.516;2.516;2.516;2.516;2.516;2.162;1.809;1.456;1.103;1.103;1.103;1.103;1.103;0.965;0.827;0.69;0.552;0.441;0.331;0.221;0.11;0.111;0.113;0.114;0.115;0.116;0.117;0.118;0.119;0.12;0.121;0.115;0.109;0.103;0.097;0.091;0.085;0.079;0.073;0.067;0.061;0.055;0.049;0.042;0.036;0.03;0.024;0.018;0.012;0.006;0
16;0;0.029;0.059;0.091;0.124;0.152;0.179;0.207;0.235;0.265;0.294;0.332;0.371;0.918;1.465;2.012;2.56;2.513;2.542;2.571;2.683;2.683;2.683;2.683;2.683;2.307;1.93;1.553;1.177;1.177;1.177;1.177;1.177;1.03;0.883;0.736;0.588;0.471;0.353;0.235;0.118;0.119;0.12;0.121;0.122;0.124;0.125;0.126;0.127;0.128;0.129;0.123;0.117;0.11;0.104;0.097;0.091;0.084;0.078;0.071;0.065;0.058;0.052;0.045;0.039;0.032;0.026;0.019;0.013;0.006;0
17;0;0.031;0.063;0.097;0.131;0.161;0.191;0.22;0.25;0.281;0.313;0.353;0.394;0.975;1.557;2.138;2.72;2.67;2.701;2.732;2.851;2.851;2.851;2.851;2.851;2.451;2.051;1.651;1.25;1.25;1.25;1.25;1.25;1.094;0.938;0.782;0.625;0.5;0.375;0.25;0.125;0.126;0.128;0.129;0.13;0.131;0.133;0.134;0.135;0.136;0.138;0.131;0.124;0.117;0.11;0.103;0.096;0.089;0.083;0.076;0.069;0.062;0.055;0.048;0.041;0.034;0.028;0.021;0.014;0.007;0
18;0;0.033;0.066;0.103;0.139;0.17;0.202;0.233;0.265;0.298;0.331;0.374;0.417;1.033;1.648;2.264;2.88;2.827;2.86;2.893;3.019;3.019;3.019;3.019;3.019;2.595;2.171;1.748;1.324;1.324;1.324;1.324;1.324;1.158;0.993;0.827;0.662;0.53;0.397;0.265;0.132;0.134;0.135;0.136;0.138;0.139;0.14;0.142;0.143;0.144;0.146;0.138;0.131;0.124;0.117;0.109;0.102;0.095;0.087;0.08;0.073;0.066;0.058;0.051;0.044;0.036;0.029;0.022;0.015;0.007;0
19;0;0.035;0.07;0.108;0.147;0.18;0.213;0.246;0.28;0.314;0.349;0.395;0.44;1.09;1.74;2.39;3.04;2.984;3.019;3.054;3.186;3.186;3.186;3.186;3.186;2.739;2.292;1.845;1.398;1.398;1.398;1.398;1.398;1.223;1.048;0.873;0.699;0.559;0.419;0.28;0.14;0.141;0.143;0.144;0.145;0.147;0.148;0.15;0.151;0.152;0.154;0.146;0.138;0.131;0.123;0.115;0.108;0.1;0.092;0.085;0.077;0.069;0.061;0.054;0.046;0.038;0.031;0.023;0.015;0.008;0
20;0;0.037;0.074;0.114;0.154;0.189;0.224;0.259;0.294;0.331;0.368;0.416;0.463;1.147;1.831;2.516;3.2;3.141;3.178;3.214;3.354;3.354;3.354;3.354;3.354;2.883;2.413;1.942;1.471;1.471;1.471;1.471;1.471;1.287;1.103;0.919;0.736;0.588;0.441;0.294;0.147;0.149;0.15;0.152;0.153;0.154;0.156;0.157;0.159;0.16;0.162;0.154;0.146;0.138;0.129;0.121;0.113;0.105;0.097;0.089;0.081;0.073;0.065;0.057;0.049;0.04;0.032;0.024;0.016;0.008;0
21;0;0.039;0.077;0.12;0.162;0.199;0.236;0.272;0.309;0.348;0.386;0.436;0.487;1.205;1.923;2.641;3.36;3.298;3.336;3.375;3.522;3.522;3.522;3.522;3.522;3.027;2.533;2.039;1.545;1.545;1.545;1.545;1.545;1.352;1.158;0.965;0.772;0.618;0.463;0.309;0.154;0.156;0.158;0.159;0.161;0.162;0.164;0.165;0.167;0.168;0.17;0.161;0.153;0.144;0.136;0.127;0.119;0.11;0.102;0.093;0.085;0.076;0.068;0.059;0.051;0.042;0.034;0.025;0.017;0.008;0
22;0;0.04;0.081;0.125;0.17;0.208;0.247;0.285;0.324;0.364;0.405;0.457;0.51;1.262;2.015;2.767;3.52;3.455;3.495;3.536;3.689;3.689;3.689;3.689;3.689;3.172;2.654;2.136;1.618;1.618;1.618;1.618;1.618;1.416;1.214;1.011;0.809;0.647;0.485;0.324;0.162;0.163;0.165;0.167;0.168;0.17;0.172;0.173;0.175;0.176;0.178;0.169;0.16;0.151;0.142;0.133;0.125;0.116;0.107;0.098;0.089;0.08;0.071;0.062;0.053;0.044;0.036;0.027;0.018;0.009;0
23;0;0.042;0.085;0.131;0.178;0.218;0.258;0.298;0.338;0.381;0.423;0.478;0.533;1.32;2.106;2.893;3.68;3.612;3.654;3.696;3.857;3.857;3.857;3.857;3.857;3.316;2.774;2.233;1.692;1.692;1.692;1.692;1.692;1.48;1.269;1.057;0.846;0.677;0.508;0.338;0.169;0.171;0.173;0.174;0.176;0.178;0.179;0.181;0.183;0.184;0.186;0.177;0.167;0.158;0.149;0.14;0.13;0.121;0.112;0.102;0.093;0.084;0.074;0.065;0.056;0.047;0.037;0.028;0.019;0.009;0
24;0;0.044;0.088;0.137;0.185;0.227;0.269;0.311;0.353;0.397;0.441;0.499;0.556;1.377;2.198;3.019;3.839;3.769;3.813;3.857;4.025;4.025;4.025;4.025;4.025;3.46;2.895;2.33;1.765;1.765;1.765;1.765;1.765;1.545;1.324;1.103;0.883;0.706;0.53;0.353;0.177;0.178;0.18;0.182;0.184;0.185;0.187;0.189;0.191;0.192;0.194;0.184;0.175;0.165;0.155;0.146;0.136;0.126;0.117;0.107;0.097;0.087;0.078;0.068;0.058;0.049;0.039;0.029;0.019;0.01;0
25;0;0.046;0.092;0.143;0.193;0.237;0.28;0.324;0.368;0.414;0.46;0.519;0.579;1.434;2.289;3.144;3.999;3.926;3.972;4.018;4.193;4.193;4.193;4.193;4.193;3.604;3.016;2.427;1.839;1.839;1.839;1.839;1.839;1.609;1.379;1.149;0.919;0.736;0.552;0.368;0.184;0.186;0.188;0.189;0.191;0.193;0.195;0.197;0.199;0.2;0.202;0.192;0.182;0.172;0.162;0.152;0.142;0.131;0.121;0.111;0.101;0.091;0.081;0.071;0.061;0.051;0.04;0.03;0.02;0.01;0
26;0;0.048;0.096;0.148;0.201;0.246;0.292;0.337;0.382;0.43;0.478;0.54;0.602;1.492;2.381;3.27;4.159;4.083;4.131;4.179;4.36;4.36;4.36;4.36;4.36;3.748;3.136;2.524;1.912;1.912;1.912;1.912;1.912;1.673;1.434;1.195;0.956;0.765;0.574;0.382;0.191;0.193;0.195;0.197;0.199;0.201;0.203;0.205;0.207;0.208;0.21;0.2;0.189;0.179;0.168;0.158;0.147;0.137;0.126;0.116;0.105;0.095;0.084;0.074;0.063;0.053;0.042;0.032;0.021;0.011;0
27;0;0.05;0.099;0.154;0.209;0.256;0.303;0.35;0.397;0.447;0.496;0.561;0.626;1.549;2.472;3.396;4.319;4.24;4.29;4.339;4.528;4.528;4.528;4.528;4.528;3.892;3.257;2.621;1.986;1.986;1.986;1.986;1.986;1.738;1.489;1.241;0.993;0.794;0.596;0.397;0.199;0.201;0.203;0.205;0.207;0.209;0.211;0.212;0.214;0.216;0.218;0.208;0.197;0.186;0.175;0.164;0.153;0.142;0.131;0.12;0.109;0.098;0.087;0.076;0.066;0.055;0.044;0.033;0.022;0.011;0
28;0;0.051;0.103;0.16;0.216;0.265;0.314;0.363;0.412;0.463;0.515;0.582;0.649;1.606;2.564;3.522;4.479;4.397;4.449;4.5;4.696;4.696;4.696;4.696;4.696;4.037;3.378;2.719;2.059;2.059;2.059;2.059;2.059;1.802;1.545;1.287;1.03;0.824;0.618;0.412;0.206;0.208;0.21;0.212;0.214;0.216;0.218;0.22;0.222;0.224;0.227;0.215;0.204;0.193;0.181;0.17;0.159;0.147;0.136;0.125;0.113;0.102;0.091;0.079;0.068;0.057;0.045;0.034;0.023;0.011;0
29;0;0.053;0.107;0.165;0.224;0.275;0.325;0.376;0.427;0.48;0.533;0.603;0.672;1.664;2.656;3.648;4.639;4.554;4.607;4.661;4.863;4.863;4.863;4.863;4.863;4.181;3.498;2.816;2.133;2.133;2.133;2.133;2.133;1.866;1.6;1.333;1.067;0.853;0.64;0.427;0.213;0.215;0.218;0.22;0.222;0.224;0.226;0.228;0.23;0.233;0.235;0.223;0.211;0.199;0.188;0.176;0.164;0.153;0.141;0.129;0.117;0.106;0.094;0.082;0.07;0.059;0.047;0.035;0.023;0.012;0
30;0;0.055;0.11;0.171;0.232;0.284;0.337;0.389;0.441;0.496;0.552;0.623;0.695;1.721;2.747;3.773;4.799;4.711;4.766;4.821;5.031;5.031;5.031;5.031;5.031;4.325;3.619;2.913;2.207;2.207;2.207;2.207;2.207;1.931;1.655;1.379;1.103;0.883;0.662;0.441;0.221;0.223;0.225;0.227;0.229;0.232;0.234;0.236;0.238;0.241;0.243;0.231;0.218;0.206;0.194;0.182;0.17;0.158;0.146;0.133;0.121;0.109;0.097;0.085;0.073;0.061;0.049;0.036;0.024;0.012;0
31;0;0.058;0.116;0.226;0.335;0.436;0.537;0.637;0.738;0.763;0.789;0.877;0.964;1.972;2.979;3.986;4.994;4.907;4.97;5.032;5.256;5.261;5.265;5.269;5.274;4.555;3.836;3.117;2.399;2.398;2.398;2.398;2.397;2.092;1.786;1.48;1.174;0.944;0.714;0.484;0.254;0.257;0.26;0.263;0.266;0.269;0.272;0.275;0.278;0.281;0.284;0.269;0.255;0.241;0.227;0.213;0.198;0.184;0.17;0.156;0.142;0.128;0.113;0.099;0.085;0.071;0.057;0.043;0.028;0.014;0
32;0;0.061;0.121;0.28;0.439;0.588;0.737;0.886;1.035;1.03;1.026;1.13;1.233;2.222;3.211;4.199;5.188;5.103;5.173;5.243;5.481;5.49;5.499;5.508;5.517;4.785;4.054;3.322;2.591;2.59;2.589;2.589;2.588;2.252;1.916;1.58;1.245;1.005;0.766;0.526;0.287;0.291;0.294;0.298;0.302;0.306;0.309;0.313;0.317;0.321;0.324;0.308;0.292;0.276;0.259;0.243;0.227;0.211;0.195;0.178;0.162;0.146;0.13;0.114;0.097;0.081;0.065;0.049;0.032;0.016;0
33;0;0.063;0.127;0.335;0.543;0.74;0.937;1.134;1.332;1.297;1.263;1.383;1.503;2.472;3.442;4.412;5.382;5.299;5.377;5.454;5.706;5.72;5.733;5.746;5.759;5.015;4.271;3.527;2.783;2.782;2.781;2.78;2.779;2.413;2.047;1.681;1.315;1.066;0.818;0.569;0.32;0.324;0.329;0.334;0.338;0.343;0.347;0.352;0.356;0.361;0.365;0.347;0.329;0.31;0.292;0.274;0.256;0.237;0.219;0.201;0.183;0.164;0.146;0.128;0.11;0.091;0.073;0.055;0.037;0.018;0
34;0;0.066;0.132;0.389;0.647;0.892;1.138;1.383;1.628;1.564;1.5;1.636;1.772;2.723;3.674;4.625;5.576;5.496;5.58;5.665;5.931;5.949;5.967;5.984;6.002;5.245;4.488;3.731;2.974;2.973;2.972;2.971;2.97;2.574;2.178;1.782;1.386;1.128;0.869;0.611;0.353;0.358;0.364;0.369;0.374;0.38;0.385;0.39;0.395;0.401;0.406;0.386;0.365;0.345;0.325;0.305;0.284;0.264;0.244;0.223;0.203;0.183;0.162;0.142;0.122;0.102;0.081;0.061;0.041;0.02;0
35;0;0.069;0.138;0.444;0.75;1.044;1.338;1.632;1.925;1.831;1.738;1.889;2.041;2.973;3.906;4.838;5.77;5.692;5.784;5.876;6.156;6.178;6.201;6.223;6.245;5.475;4.706;3.936;3.166;3.165;3.164;3.162;3.161;2.735;2.309;1.883;1.456;1.189;0.921;0.654;0.386;0.392;0.398;0.404;0.41;0.416;0.423;0.429;0.435;0.441;0.447;0.424;0.402;0.38;0.357;0.335;0.313;0.29;0.268;0.246;0.223;0.201;0.179;0.156;0.134;0.112;0.089;0.067;0.045;0.022;0
36;0;0.072;0.143;0.499;0.854;1.196;1.538;1.88;2.222;2.098;1.975;2.143;2.31;3.224;4.137;5.051;5.964;5.888;5.988;6.087;6.381;6.408;6.434;6.461;6.487;5.705;4.923;4.141;3.358;3.357;3.355;3.353;3.352;2.896;2.439;1.983;1.527;1.25;0.973;0.696;0.419;0.426;0.433;0.44;0.447;0.453;0.46;0.467;0.474;0.481;0.488;0.463;0.439;0.415;0.39;0.366;0.341;0.317;0.293;0.268;0.244;0.219;0.195;0.171;0.146;0.122;0.098;0.073;0.049;0.024;0
37;0;0.074;0.149;0.553;0.958;1.348;1.738;2.129;2.519;2.365;2.212;2.396;2.58;3.474;4.369;5.264;6.159;6.084;6.191;6.298;6.607;6.637;6.668;6.699;6.73;5.935;5.14;4.345;3.55;3.548;3.547;3.545;3.543;3.056;2.57;2.084;1.598;1.311;1.025;0.739;0.452;0.46;0.468;0.475;0.483;0.49;0.498;0.506;0.513;0.521;0.528;0.502;0.476;0.449;0.423;0.396;0.37;0.344;0.317;0.291;0.264;0.238;0.211;0.185;0.159;0.132;0.106;0.079;0.053;0.026;0
38;0;0.077;0.154;0.608;1.061;1.5;1.938;2.377;2.816;2.632;2.449;2.649;2.849;3.725;4.601;5.477;6.353;6.28;6.395;6.509;6.832;6.867;6.902;6.938;6.973;6.165;5.358;4.55;3.742;3.74;3.738;3.736;3.734;3.217;2.701;2.185;1.668;1.373;1.077;0.781;0.485;0.494;0.502;0.511;0.519;0.527;0.536;0.544;0.553;0.561;0.569;0.541;0.512;0.484;0.455;0.427;0.399;0.37;0.342;0.313;0.285;0.256;0.228;0.199;0.171;0.142;0.114;0.085;0.057;0.028;0
39;0;0.08;0.16;0.663;1.165;1.652;2.139;2.626;3.112;2.899;2.687;2.902;3.118;3.975;4.832;5.69;6.547;6.476;6.598;6.72;7.057;7.096;7.136;7.176;7.216;6.395;5.575;4.755;3.934;3.932;3.929;3.927;3.924;3.378;2.832;2.285;1.739;1.434;1.129;0.824;0.519;0.528;0.537;0.546;0.555;0.564;0.573;0.583;0.592;0.601;0.61;0.58;0.549;0.519;0.488;0.458;0.427;0.397;0.366;0.336;0.305;0.275;0.244;0.214;0.183;0.153;0.122;0.092;0.061;0.031;0
40;0;0.083;0.165;0.717;1.269;1.804;2.339;2.874;3.409;3.166;2.924;3.155;3.387;4.226;5.064;5.903;6.741;6.672;6.802;6.931;7.282;7.326;7.37;7.414;7.458;6.625;5.792;4.959;4.126;4.124;4.121;4.118;4.115;3.539;2.962;2.386;1.809;1.495;1.181;0.866;0.552;0.562;0.572;0.581;0.591;0.601;0.611;0.621;0.631;0.641;0.651;0.618;0.586;0.553;0.521;0.488;0.456;0.423;0.391;0.358;0.325;0.293;0.26;0.228;0.195;0.163;0.13;0.098;0.065;0.033;0
41;0;0.121;0.243;0.841;1.44;1.992;2.544;3.096;3.648;3.492;3.336;3.56;3.784;4.582;5.379;6.177;6.974;6.891;7.015;7.138;7.488;7.526;7.564;7.602;7.64;6.849;6.058;5.267;4.476;4.46;4.445;4.429;4.413;3.809;3.205;2.601;1.997;1.644;1.292;0.939;0.587;0.603;0.619;0.636;0.652;0.668;0.684;0.7;0.717;0.733;0.749;0.712;0.674;0.637;0.599;0.562;0.524;0.487;0.449;0.412;0.375;0.337;0.3;0.262;0.225;0.187;0.15;0.112;0.075;0.037;0
42;0;0.16;0.32;0.965;1.611;2.18;2.748;3.317;3.886;3.817;3.749;3.965;4.182;4.938;5.694;6.45;7.207;7.11;7.228;7.345;7.694;7.726;7.758;7.79;7.822;7.073;6.324;5.575;4.826;4.797;4.768;4.74;4.711;4.079;3.448;2.816;2.185;1.794;1.403;1.013;0.622;0.645;0.667;0.69;0.712;0.735;0.757;0.78;0.802;0.825;0.847;0.805;0.763;0.72;0.678;0.636;0.593;0.551;0.508;0.466;0.424;0.381;0.339;0.297;0.254;0.212;0.169;0.127;0.085;0.042;0
43;0;0.199;0.397;1.09;1.782;2.367;2.953;3.539;4.124;4.143;4.162;4.37;4.579;5.294;6.009;6.724;7.44;7.329;7.441;7.552;7.901;7.927;7.953;7.979;8.004;7.297;6.59;5.883;5.176;5.134;5.092;5.051;5.009;4.35;3.691;3.031;2.372;1.943;1.515;1.086;0.658;0.686;0.715;0.744;0.773;0.802;0.83;0.859;0.888;0.917;0.946;0.898;0.851;0.804;0.756;0.709;0.662;0.615;0.567;0.52;0.473;0.425;0.378;0.331;0.284;0.236;0.189;0.142;0.095;0.047;0
44;0;0.237;0.474;1.214;1.953;2.555;3.158;3.76;4.362;4.468;4.574;4.775;4.976;5.65;6.324;6.998;7.672;7.548;7.654;7.759;8.107;8.127;8.147;8.167;8.186;7.521;6.856;6.191;5.525;5.471;5.416;5.361;5.307;4.62;3.933;3.246;2.56;2.093;1.626;1.16;0.693;0.728;0.763;0.798;0.833;0.868;0.903;0.938;0.974;1.009;1.044;0.992;0.939;0.887;0.835;0.783;0.731;0.678;0.626;0.574;0.522;0.47;0.417;0.365;0.313;0.261;0.209;0.157;0.104;0.052;0
45;0;0.276;0.552;1.338;2.124;2.743;3.362;3.982;4.601;4.794;4.987;5.18;5.373;6.006;6.639;7.272;7.905;7.771;7.867;7.977;8.313;8.327;8.341;8.355;8.369;7.745;7.122;6.498;5.875;5.807;5.74;5.672;5.605;4.89;4.176;3.462;2.747;2.242;1.738;1.233;0.728;0.77;0.811;0.852;0.894;0.935;0.976;1.018;1.059;1.101;1.142;1.085;1.028;0.971;0.914;0.856;0.799;0.742;0.685;0.628;0.571;0.514;0.457;0.4;0.343;0.285;0.228;0.171;0.114;0.057;0
46;0;0.314;0.629;1.462;2.295;2.931;3.567;4.203;4.839;5.119;5.4;5.585;5.77;6.362;6.954;7.546;8.138;8.011;8.079;8.196;8.52;8.527;8.535;8.543;8.551;7.969;7.388;6.806;6.225;6.144;6.064;5.983;5.903;5.161;4.419;3.677;2.935;2.392;1.849;1.306;0.763;0.811;0.859;0.906;0.954;1.002;1.049;1.097;1.145;1.192;1.24;1.178;1.116;1.054;0.992;0.93;0.868;0.806;0.744;0.682;0.62;0.558;0.496;0.434;0.372;0.31;0.248;0.186;0.124;0.062;0
47;0;0.353;0.706;1.586;2.466;3.119;3.772;4.425;5.077;5.445;5.812;5.99;6.167;6.718;7.269;7.82;8.371;8.25;8.292;8.416;8.726;8.728;8.729;8.731;8.733;8.193;7.654;7.114;6.575;6.481;6.388;6.294;6.201;5.431;4.661;3.892;3.122;2.541;1.961;1.38;0.799;0.853;0.907;0.961;1.015;1.069;1.122;1.176;1.23;1.284;1.338;1.271;1.204;1.138;1.071;1.004;0.937;0.87;0.803;0.736;0.669;0.602;0.535;0.468;0.401;0.335;0.268;0.201;0.134;0.067;0
48;0;0.392;0.783;1.71;2.637;3.307;3.976;4.646;5.316;5.77;6.225;6.395;6.565;7.074;7.584;8.094;8.604;8.489;8.505;8.636;8.932;8.928;8.923;8.919;8.915;8.417;7.919;7.422;6.924;6.818;6.711;6.605;6.498;5.701;4.904;4.107;3.31;2.691;2.072;1.453;0.834;0.894;0.955;1.015;1.075;1.135;1.196;1.256;1.316;1.376;1.436;1.365;1.293;1.221;1.149;1.077;1.006;0.934;0.862;0.79;0.718;0.646;0.575;0.503;0.431;0.359;0.287;0.215;0.144;0.072;0
49;0;0.43;0.861;1.834;2.808;3.494;4.181;4.867;5.554;6.096;6.637;6.8;6.962;7.43;7.899;8.368;8.836;8.728;8.718;8.855;9.139;9.128;9.118;9.107;9.097;8.641;8.185;7.73;7.274;7.155;7.035;6.916;6.796;5.972;5.147;4.322;3.497;2.84;2.183;1.526;0.869;0.936;1.002;1.069;1.136;1.202;1.269;1.335;1.402;1.468;1.535;1.458;1.381;1.304;1.228;1.151;1.074;0.998;0.921;0.844;0.767;0.691;0.614;0.537;0.46;0.384;0.307;0.23;0.153;0.077;0
50;0;0.469;0.938;1.958;2.979;3.682;4.386;5.089;5.792;6.421;7.05;7.205;7.359;7.787;8.214;8.642;9.069;8.967;8.931;9.075;9.345;9.328;9.312;9.295;9.279;8.865;8.451;8.038;7.624;7.491;7.359;7.227;7.094;6.242;5.39;4.537;3.685;2.99;2.295;1.6;0.905;0.978;1.05;1.123;1.196;1.269;1.342;1.414;1.487;1.56;1.633;1.551;1.47;1.388;1.306;1.225;1.143;1.061;0.98;0.898;0.816;0.735;0.653;0.572;0.49;0.408;0.327;0.245;0.163;0.082;0
51;0;0.524;1.048;2.091;3.133;3.859;4.584;5.31;6.035;6.725;7.414;7.511;7.607;8.011;8.415;8.82;9.224;9.102;9.044;9.171;9.428;9.418;9.408;9.399;9.389;9.053;8.716;8.38;8.043;7.884;7.726;7.567;7.409;6.595;5.781;4.968;4.154;3.376;2.598;1.82;1.043;1.116;1.189;1.263;1.336;1.409;1.483;1.556;1.63;1.703;1.776;1.687;1.599;1.51;1.421;1.332;1.243;1.155;1.066;0.977;0.888;0.799;0.711;0.622;0.533;0.444;0.355;0.266;0.178;0.089;0
52;0;0.579;1.158;2.223;3.288;4.035;4.783;5.53;6.278;7.028;7.778;7.817;7.855;8.236;8.617;8.997;9.378;9.237;9.157;9.268;9.51;9.508;9.505;9.502;9.499;9.24;8.981;8.722;8.462;8.278;8.093;7.908;7.723;6.948;6.173;5.398;4.623;3.762;2.902;2.041;1.181;1.254;1.328;1.402;1.476;1.55;1.624;1.698;1.772;1.846;1.92;1.824;1.728;1.632;1.536;1.44;1.344;1.248;1.152;1.056;0.96;0.864;0.768;0.672;0.576;0.48;0.384;0.288;0.192;0.096;0
53;0;0.648;1.296;2.361;3.426;4.204;4.981;5.759;6.537;7.29;8.043;8.104;8.164;8.493;8.821;9.149;9.477;9.331;9.248;9.353;9.593;9.596;9.599;9.601;9.604;9.378;9.152;8.926;8.7;8.56;8.421;8.282;8.142;7.407;6.672;5.937;5.202;4.554;3.906;3.257;2.609;2.548;2.486;2.424;2.362;2.3;2.239;2.177;2.115;2.053;1.991;1.892;1.792;1.693;1.593;1.494;1.394;1.294;1.195;1.095;0.996;0.896;0.797;0.697;0.597;0.498;0.398;0.299;0.199;0.1;0
54;0;0.717;1.434;2.499;3.564;4.372;5.18;5.988;6.796;7.552;8.308;8.391;8.473;8.749;9.025;9.301;9.577;9.425;9.339;9.439;9.676;9.684;9.692;9.701;9.709;9.516;9.323;9.13;8.937;8.843;8.749;8.655;8.562;7.867;7.171;6.476;5.781;5.345;4.91;4.474;4.038;3.841;3.643;3.446;3.248;3.051;2.853;2.656;2.458;2.261;2.063;1.96;1.857;1.754;1.651;1.547;1.444;1.341;1.238;1.135;1.032;0.928;0.825;0.722;0.619;0.516;0.413;0.309;0.206;0.103;0
55;0;0.77;1.539;2.629;3.718;4.547;5.376;6.205;7.034;7.756;8.479;8.553;8.628;8.886;9.144;9.401;9.659;9.505;9.417;9.516;9.753;9.764;9.775;9.786;9.797;9.641;9.486;9.33;9.174;9.086;8.997;8.909;8.821;8.3;7.778;7.257;6.736;6.185;5.635;5.085;4.535;4.293;4.051;3.81;3.568;3.326;3.085;2.843;2.602;2.36;2.118;2.012;1.907;1.801;1.695;1.589;1.483;1.377;1.271;1.165;1.059;0.953;0.847;0.741;0.636;0.53;0.424;0.318;0.212;0.106;0
56;0;0.822;1.644;2.758;3.873;4.722;5.572;6.421;7.271;7.96;8.65;8.716;8.782;9.022;9.262;9.502;9.742;9.585;9.494;9.593;9.83;9.844;9.858;9.872;9.886;9.767;9.648;9.53;9.411;9.328;9.246;9.163;9.08;8.733;8.385;8.038;7.69;7.025;6.361;5.696;5.031;4.745;4.46;4.174;3.888;3.602;3.317;3.031;2.745;2.459;2.174;2.065;1.956;1.847;1.739;1.63;1.521;1.413;1.304;1.195;1.087;0.978;0.869;0.761;0.652;0.543;0.435;0.326;0.217;0.109;0
57;0;0.885;1.771;2.888;4.005;4.872;5.74;6.607;7.475;8.101;8.727;8.832;8.937;9.152;9.367;9.582;9.797;9.641;9.552;9.655;9.897;9.913;9.93;9.946;9.963;9.872;9.781;9.69;9.599;9.53;9.461;9.392;9.323;9.039;8.755;8.471;8.186;7.665;7.144;6.623;6.101;5.708;5.316;4.923;4.53;4.137;3.745;3.352;2.959;2.566;2.174;2.065;1.956;1.847;1.739;1.63;1.521;1.413;1.304;1.195;1.087;0.978;0.869;0.761;0.652;0.543;0.435;0.326;0.217;0.109;0
58;0;0.949;1.898;3.018;4.137;5.023;5.908;6.794;7.679;8.242;8.804;8.948;9.091;9.282;9.472;9.662;9.852;9.723;9.626;9.717;9.963;9.982;10.001;10.021;10.04;9.977;9.913;9.85;9.786;9.731;9.676;9.621;9.566;9.345;9.124;8.904;8.683;8.305;7.927;7.549;7.171;6.672;6.172;5.672;5.172;4.672;4.173;3.673;3.173;2.673;2.174;2.065;1.956;1.847;1.739;1.63;1.521;1.413;1.304;1.195;1.087;0.978;0.869;0.761;0.652;0.543;0.435;0.326;0.217;0.109;0
59;0;0.987;1.975;3.128;4.281;5.139;5.996;6.854;7.712;8.305;8.898;9.058;9.218;9.392;9.566;9.739;9.913;9.826;9.756;9.789;10.04;10.059;10.079;10.098;10.117;10.07;10.023;9.977;9.93;9.894;9.858;9.822;9.786;9.592;9.397;9.203;9.008;8.73;8.451;8.173;7.894;7.322;6.75;6.178;5.606;5.034;4.462;3.89;3.318;2.746;2.174;2.065;1.956;1.847;1.739;1.63;1.521;1.413;1.304;1.195;1.087;0.978;0.869;0.761;0.652;0.543;0.435;0.326;0.217;0.109;0
60;0;1.026;2.052;3.238;4.424;5.254;6.085;6.915;7.745;8.369;8.992;9.168;9.345;9.502;9.659;9.817;9.974;9.93;9.886;9.861;10.117;10.137;10.156;10.175;10.194;10.164;10.134;10.103;10.073;10.057;10.04;10.023;10.007;9.839;9.67;9.502;9.334;9.155;8.975;8.796;8.617;7.972;7.328;6.684;6.039;5.395;4.751;4.106;3.462;2.818;2.174;2.065;1.956;1.847;1.739;1.63;1.521;1.413;1.304;1.195;1.087;0.978;0.869;0.761;0.652;0.543;0.435;0.326;0.217;0.109;0
61;0;1.068;2.136;3.323;4.51;5.327;6.143;6.96;7.776;8.409;9.043;9.232;9.422;9.575;9.728;9.881;10.047;10.016;9.986;9.956;10.186;10.209;10.233;10.257;10.281;10.262;10.244;10.226;10.208;10.205;10.202;10.199;10.197;10.049;9.902;9.755;9.608;9.435;9.262;9.09;8.917;8.243;7.568;6.894;6.22;5.545;4.871;4.197;3.522;2.848;2.174;2.065;1.956;1.847;1.739;1.63;1.521;1.413;1.304;1.195;1.087;0.978;0.869;0.761;0.652;0.543;0.435;0.326;0.217;0.109;0
62;0;1.11;2.22;3.408;4.596;5.399;6.202;7.004;7.807;8.45;9.093;9.296;9.499;9.648;9.796;9.945;10.119;10.103;10.086;10.07;10.254;10.282;10.31;10.338;10.367;10.361;10.354;10.348;10.342;10.353;10.364;10.375;10.386;10.26;10.134;10.007;9.881;9.715;9.549;9.383;9.217;8.513;7.808;7.104;6.4;5.695;4.991;4.287;3.582;2.878;2.174;2.065;1.956;1.847;1.739;1.63;1.521;1.413;1.304;1.195;1.087;0.978;0.869;0.761;0.652;0.543;0.435;0.326;0.217;0.109;0
63;0;1.152;2.304;3.493;4.682;5.471;6.26;7.049;7.838;8.491;9.144;9.36;9.577;9.721;9.865;10.009;10.192;10.19;10.187;10.184;10.322;10.355;10.388;10.42;10.453;10.459;10.465;10.471;10.477;10.502;10.527;10.551;10.576;10.471;10.366;10.26;10.155;9.995;9.836;9.676;9.517;8.783;8.048;7.314;6.58;5.845;5.111;4.377;3.642;2.908;2.174;2.065;1.956;1.847;1.739;1.63;1.521;1.413;1.304;1.195;1.087;0.978;0.869;0.761;0.652;0.543;0.435;0.326;0.217;0.109;0
64;0;1.194;2.388;3.578;4.768;5.544;6.319;7.094;7.869;8.532;9.195;9.424;9.654;9.793;9.933;10.079;10.265;10.276;10.287;10.298;10.391;10.428;10.465;10.502;10.539;10.557;10.575;10.593;10.612;10.65;10.689;10.727;10.766;10.682;10.597;10.513;10.428;10.276;10.123;9.97;9.817;9.053;8.288;7.524;6.76;5.995;5.231;4.467;3.702;2.938;2.174;2.065;1.956;1.847;1.739;1.63;1.521;1.413;1.304;1.195;1.087;0.978;0.869;0.761;0.652;0.543;0.435;0.326;0.217;0.109;0
65;0;1.236;2.471;3.663;4.855;5.616;6.377;7.138;7.9;8.573;9.246;9.488;9.731;9.866;10.012;10.175;10.338;10.363;10.388;10.412;10.459;10.501;10.542;10.583;10.625;10.655;10.685;10.716;10.746;10.799;10.851;10.903;10.956;10.892;10.829;10.765;10.702;10.556;10.41;10.263;10.117;9.323;8.529;7.734;6.94;6.145;5.351;4.557;3.762;2.968;2.174;2.065;1.956;1.847;1.739;1.63;1.521;1.413;1.304;1.195;1.087;0.978;0.869;0.761;0.652;0.543;0.435;0.326;0.217;0.109;0
66;0;1.247;2.493;3.677;4.861;5.617;6.374;7.13;7.886;8.577;9.268;9.517;9.773;9.932;10.091;10.25;10.409;10.438;10.467;10.496;10.543;10.592;10.64;10.689;10.737;10.774;10.811;10.848;10.885;10.941;10.998;11.054;11.11;11.053;10.997;10.94;10.883;10.742;10.602;10.461;10.32;9.506;8.691;7.876;7.062;6.247;5.432;4.618;3.803;2.988;2.174;2.065;1.956;1.847;1.739;1.63;1.521;1.413;1.304;1.195;1.087;0.978;0.869;0.761;0.652;0.543;0.435;0.326;0.217;0.109;0
67;0;1.258;2.516;3.692;4.868;5.619;6.37;7.122;7.873;8.601;9.343;9.601;9.859;10.014;10.169;10.324;10.479;10.513;10.546;10.58;10.627;10.683;10.738;10.794;10.85;10.893;10.937;10.981;11.024;11.084;11.144;11.205;11.265;11.214;11.164;11.114;11.064;10.929;10.794;10.658;10.523;9.688;8.853;8.018;7.183;6.348;5.513;4.678;3.843;3.008;2.174;2.065;1.956;1.847;1.739;1.63;1.521;1.413;1.304;1.195;1.087;0.978;0.869;0.761;0.652;0.543;0.435;0.326;0.217;0.109;0
68;0;1.269;2.538;3.706;4.874;5.627;6.39;7.154;7.917;8.671;9.424;9.685;9.945;10.096;10.247;10.399;10.55;10.588;10.626;10.664;10.711;10.774;10.837;10.9;10.962;11.013;11.063;11.113;11.163;11.227;11.291;11.355;11.419;11.376;11.332;11.288;11.245;11.115;10.986;10.856;10.726;9.871;9.016;8.16;7.305;6.45;5.595;4.739;3.884;3.029;2.174;2.065;1.956;1.847;1.739;1.63;1.521;1.413;1.304;1.195;1.087;0.978;0.869;0.761;0.652;0.543;0.435;0.326;0.217;0.109;0
69;0;1.28;2.56;3.72;4.914;5.679;6.444;7.21;7.975;8.74;9.506;9.769;10.031;10.178;10.326;10.473;10.62;10.663;10.705;10.748;10.795;10.865;10.935;11.005;11.075;11.132;11.189;11.245;11.302;11.37;11.438;11.506;11.574;11.537;11.5;11.463;11.426;11.302;11.178;11.053;10.929;10.054;9.178;8.303;7.427;6.551;5.676;4.8;3.925;3.049;2.174;2.065;1.956;1.847;1.739;1.63;1.521;1.413;1.304;1.195;1.087;0.978;0.869;0.761;0.652;0.543;0.435;0.326;0.217;0.109;0
70;0;1.291;2.582;3.746;4.965;5.732;6.498;7.265;8.032;8.81;9.588;9.852;10.117;10.261;10.404;10.548;10.691;10.738;10.785;10.832;10.879;10.956;11.033;11.11;11.187;11.251;11.314;11.378;11.441;11.513;11.585;11.656;11.728;11.698;11.667;11.637;11.607;11.488;11.37;11.251;11.132;10.236;9.341;8.445;7.549;6.653;5.757;4.861;3.965;3.069;2.174;2.065;1.956;1.847;1.739;1.63;1.521;1.413;1.304;1.195;1.087;0.978;0.869;0.761;0.652;0.543;0.435;0.326;0.217;0.109;0
71;0;1.289;2.577;3.761;4.98;5.748;6.515;7.282;8.05;8.836;9.623;9.903;10.192;10.345;10.498;10.651;10.805;10.857;10.91;10.962;11.015;11.075;11.159;11.243;11.327;11.397;11.466;11.535;11.604;11.681;11.757;11.834;11.91;11.881;11.851;11.822;11.783;11.657;11.53;11.404;11.278;10.367;9.457;8.547;7.636;6.726;5.815;4.905;3.994;3.084;2.174;2.065;1.956;1.847;1.739;1.63;1.521;1.413;1.304;1.195;1.087;0.978;0.869;0.761;0.652;0.543;0.435;0.326;0.217;0.109;0
72;0;1.286;2.573;3.777;4.996;5.764;6.532;7.299;8.067;8.863;9.658;9.954;10.266;10.429;10.592;10.755;10.919;10.977;11.036;11.094;11.152;11.195;11.286;11.377;11.468;11.543;11.618;11.693;11.769;11.85;11.931;12.012;12.093;12.065;12.037;12.008;11.961;11.826;11.691;11.557;11.424;10.499;9.574;8.649;7.724;6.799;5.874;4.949;4.024;3.099;2.174;2.065;1.956;1.847;1.739;1.63;1.521;1.413;1.304;1.195;1.087;0.978;0.869;0.761;0.652;0.543;0.435;0.326;0.217;0.109;0
73;0;1.286;2.573;3.792;5.011;5.78;6.548;7.317;8.085;8.889;9.694;10.005;10.341;10.513;10.686;10.859;11.034;11.098;11.162;11.226;11.29;11.315;11.413;11.512;11.61;11.691;11.772;11.853;11.934;12.02;12.106;12.191;12.277;12.25;12.223;12.195;12.139;11.996;11.853;11.711;11.569;10.63;9.69;8.75;7.811;6.871;5.932;4.992;4.053;3.113;2.174;2.065;1.956;1.847;1.739;1.63;1.521;1.413;1.304;1.195;1.087;0.978;0.869;0.761;0.652;0.543;0.435;0.326;0.217;0.109;0
74;0;1.294;2.588;3.807;5.027;5.796;6.565;7.334;8.103;8.916;9.729;10.055;10.415;10.597;10.78;10.964;11.149;11.219;11.289;11.359;11.429;11.438;11.541;11.647;11.752;11.839;11.926;12.013;12.1;12.19;12.281;12.372;12.463;12.436;12.41;12.384;12.318;12.166;12.015;11.865;11.715;10.761;9.807;8.852;7.898;6.944;5.99;5.036;4.082;3.128;2.174;2.065;1.956;1.847;1.739;1.63;1.521;1.413;1.304;1.195;1.087;0.978;0.869;0.761;0.652;0.543;0.435;0.326;0.217;0.109;0
75;0;1.302;2.604;3.823;5.042;5.812;6.581;7.351;8.12;8.942;9.764;10.106;10.49;10.682;10.875;11.069;11.265;11.341;11.417;11.493;11.569;11.605;11.67;11.783;11.895;11.988;12.081;12.174;12.266;12.362;12.458;12.553;12.649;12.624;12.598;12.573;12.499;12.338;12.178;12.019;11.86;10.892;9.923;8.954;7.986;7.017;6.048;5.08;4.111;3.142;2.174;2.065;1.956;1.847;1.739;1.63;1.521;1.413;1.304;1.195;1.087;0.978;0.869;0.761;0.652;0.543;0.435;0.326;0.217;0.109;0
76;0;1.305;2.61;3.832;5.053;5.825;6.598;7.37;8.142;8.969;9.795;10.134;10.523;10.731;10.941;11.153;11.366;11.447;11.528;11.61;11.691;11.743;11.796;11.917;12.052;12.15;12.248;12.346;12.443;12.543;12.642;12.742;12.841;12.821;12.802;12.782;12.702;12.525;12.35;12.175;12.002;11.019;10.036;9.053;8.07;7.088;6.105;5.122;4.139;3.156;2.174;2.065;1.956;1.847;1.739;1.63;1.521;1.413;1.304;1.195;1.087;0.978;0.869;0.761;0.652;0.543;0.435;0.326;0.217;0.109;0
77;0;1.309;2.617;3.841;5.064;5.839;6.614;7.389;8.164;8.995;9.826;10.161;10.556;10.781;11.007;11.236;11.467;11.553;11.64;11.727;11.814;11.882;11.951;12.053;12.211;12.313;12.416;12.519;12.621;12.725;12.828;12.931;13.034;13.02;13.006;12.992;12.907;12.714;12.522;12.332;12.143;11.146;10.149;9.152;8.155;7.158;6.161;5.164;4.167;3.17;2.174;2.065;1.956;1.847;1.739;1.63;1.521;1.413;1.304;1.195;1.087;0.978;0.869;0.761;0.652;0.543;0.435;0.326;0.217;0.109;0
78;0;1.312;2.624;3.849;5.075;5.853;6.631;7.409;8.186;9.022;9.857;10.189;10.588;10.83;11.074;11.32;11.568;11.66;11.753;11.845;11.937;12.022;12.107;12.192;12.37;12.477;12.585;12.693;12.8;12.907;13.014;13.121;13.228;13.22;13.211;13.203;13.112;12.903;12.695;12.489;12.284;11.273;10.262;9.251;8.24;7.229;6.218;5.207;4.196;3.185;2.174;2.065;1.956;1.847;1.739;1.63;1.521;1.413;1.304;1.195;1.087;0.978;0.869;0.761;0.652;0.543;0.435;0.326;0.217;0.109;0
79;0;1.315;2.63;3.858;5.086;5.867;6.647;7.428;8.209;9.048;9.888;10.217;10.621;10.88;11.141;11.404;11.67;11.768;11.866;11.963;12.061;12.162;12.263;12.365;12.53;12.642;12.755;12.868;12.98;13.091;13.202;13.313;13.424;13.421;13.418;13.415;13.319;13.093;12.868;12.646;12.425;11.4;10.375;9.35;8.325;7.299;6.274;5.249;4.224;3.199;2.174;2.065;1.956;1.847;1.739;1.63;1.521;1.413;1.304;1.195;1.087;0.978;0.869;0.761;0.652;0.543;0.435;0.326;0.217;0.109;0
80;0;1.318;2.637;3.867;5.097;5.881;6.664;7.447;8.231;9.075;9.919;10.244;10.654;10.929;11.207;11.489;11.773;11.876;11.979;12.082;12.186;12.303;12.421;12.539;12.691;12.808;12.926;13.043;13.161;13.276;13.391;13.505;13.62;13.623;13.626;13.629;13.527;13.283;13.042;12.803;12.567;11.527;10.488;9.449;8.409;7.37;6.331;5.291;4.252;3.213;2.174;2.065;1.956;1.847;1.739;1.63;1.521;1.413;1.304;1.195;1.087;0.978;0.869;0.761;0.652;0.543;0.435;0.326;0.217;0.109;0
81;0;1.318;2.637;3.867;5.097;5.882;6.667;7.452;8.237;9.083;9.93;10.26;10.674;10.956;11.241;11.53;11.821;11.929;12.038;12.146;12.255;12.378;12.501;12.625;12.782;12.905;13.028;13.151;13.273;13.393;13.512;13.631;13.751;13.755;13.759;13.763;13.661;13.423;13.187;12.953;12.721;11.666;10.612;9.557;8.502;7.447;6.393;5.338;4.283;3.228;2.174;2.065;1.956;1.847;1.739;1.63;1.521;1.413;1.304;1.195;1.087;0.978;0.869;0.761;0.652;0.543;0.435;0.326;0.217;0.109;0
82;0;1.318;2.637;3.867;5.097;5.884;6.671;7.457;8.244;9.092;9.941;10.275;10.694;10.983;11.275;11.571;11.869;11.983;12.096;12.21;12.323;12.453;12.582;12.711;12.874;13.002;13.13;13.258;13.386;13.51;13.634;13.758;13.882;13.887;13.892;13.897;13.795;13.562;13.331;13.103;12.876;11.805;10.735;9.665;8.595;7.525;6.454;5.384;4.314;3.244;2.174;2.065;1.956;1.847;1.739;1.63;1.521;1.413;1.304;1.195;1.087;0.978;0.869;0.761;0.652;0.543;0.435;0.326;0.217;0.109;0
83;0;1.318;2.637;3.867;5.097;5.886;6.674;7.462;8.25;9.101;9.952;10.29;10.714;11.01;11.309;11.611;11.917;12.036;12.155;12.274;12.392;12.527;12.662;12.797;12.966;13.099;13.232;13.365;13.498;13.627;13.755;13.884;14.012;14.019;14.025;14.031;13.93;13.702;13.476;13.252;13.03;11.944;10.859;9.773;8.687;7.602;6.516;5.43;4.345;3.259;2.174;2.065;1.956;1.847;1.739;1.63;1.521;1.413;1.304;1.195;1.087;0.978;0.869;0.761;0.652;0.543;0.435;0.326;0.217;0.109;0
84;0;1.318;2.637;3.867;5.097;5.887;6.677;7.467;8.257;9.11;9.963;10.306;10.734;11.037;11.343;11.652;11.965;12.089;12.213;12.337;12.461;12.602;12.742;12.883;13.058;13.196;13.334;13.473;13.611;13.744;13.877;14.01;14.143;14.151;14.158;14.166;14.064;13.841;13.621;13.402;13.184;12.083;10.982;9.881;8.78;7.679;6.578;5.477;4.376;3.275;2.174;2.065;1.956;1.847;1.739;1.63;1.521;1.413;1.304;1.195;1.087;0.978;0.869;0.761;0.652;0.543;0.435;0.326;0.217;0.109;0
85;0;1.318;2.637;3.867;5.097;5.889;6.68;7.472;8.264;9.119;9.974;10.321;10.754;11.064;11.377;11.693;12.014;12.143;12.272;12.401;12.53;12.676;12.823;12.969;13.15;13.293;13.436;13.58;13.723;13.861;13.999;14.136;14.274;14.283;14.291;14.3;14.198;13.981;13.765;13.551;13.339;12.222;11.106;9.989;8.873;7.756;6.64;5.523;4.407;3.29;2.174;2.065;1.956;1.847;1.739;1.63;1.521;1.413;1.304;1.195;1.087;0.978;0.869;0.761;0.652;0.543;0.435;0.326;0.217;0.109;0
86;0;1.318;2.637;3.867;5.097;5.891;6.684;7.477;8.27;9.129;9.987;10.338;10.774;11.09;11.41;11.733;12.06;12.194;12.329;12.464;12.599;12.751;12.903;13.055;13.221;13.374;13.528;13.682;13.836;13.977;14.119;14.261;14.403;14.411;14.419;14.427;14.324;14.112;13.901;13.692;13.485;12.353;11.222;10.091;8.96;7.829;6.698;5.567;4.436;3.305;2.174;2.065;1.956;1.847;1.739;1.63;1.521;1.413;1.304;1.195;1.087;0.978;0.869;0.761;0.652;0.543;0.435;0.326;0.217;0.109;0
87;0;1.318;2.637;3.867;5.097;5.892;6.687;7.482;8.277;9.139;10;10.354;10.794;11.116;11.442;11.772;12.105;12.246;12.387;12.527;12.668;12.825;12.983;13.141;13.299;13.456;13.62;13.784;13.948;14.094;14.24;14.385;14.531;14.539;14.546;14.553;14.449;14.242;14.037;13.833;13.63;12.485;11.339;10.193;9.048;7.902;6.756;5.611;4.465;3.319;2.174;2.065;1.956;1.847;1.739;1.63;1.521;1.413;1.304;1.195;1.087;0.978;0.869;0.761;0.652;0.543;0.435;0.326;0.217;0.109;0
88;0;1.318;2.637;3.867;5.097;5.894;6.69;7.487;8.284;9.149;10.014;10.371;10.814;11.143;11.475;11.811;12.151;12.298;12.444;12.59;12.736;12.9;13.064;13.227;13.391;13.537;13.712;13.886;14.061;14.21;14.36;14.51;14.66;14.666;14.673;14.68;14.574;14.372;14.172;13.973;13.776;12.616;11.455;10.295;9.135;7.975;6.814;5.654;4.494;3.334;2.174;2.065;1.956;1.847;1.739;1.63;1.521;1.413;1.304;1.195;1.087;0.978;0.869;0.761;0.652;0.543;0.435;0.326;0.217;0.109;0
89;0;1.318;2.637;3.867;5.097;5.895;6.694;7.492;8.29;9.158;10.027;10.388;10.834;11.169;11.508;11.851;12.197;12.349;12.501;12.653;12.805;12.975;13.144;13.313;13.482;13.619;13.804;13.988;14.173;14.327;14.481;14.634;14.788;14.794;14.801;14.807;14.699;14.503;14.308;14.114;13.921;12.747;11.572;10.397;9.222;8.047;6.873;5.698;4.523;3.348;2.174;2.065;1.956;1.847;1.739;1.63;1.521;1.413;1.304;1.195;1.087;0.978;0.869;0.761;0.652;0.543;0.435;0.326;0.217;0.109;0
90;0;1.318;2.637;3.867;5.097;5.897;6.697;7.497;8.297;9.168;10.04;10.404;10.854;11.196;11.541;11.89;12.243;12.401;12.559;12.716;12.874;13.049;13.224;13.399;13.574;13.726;13.895;14.09;14.286;14.443;14.601;14.759;14.917;14.922;14.928;14.934;14.825;14.633;14.443;14.255;14.067;12.878;11.688;10.499;9.31;8.12;6.931;5.742;4.552;3.363;2.174;2.065;1.956;1.847;1.739;1.63;1.521;1.413;1.304;1.195;1.087;0.978;0.869;0.761;0.652;0.543;0.435;0.326;0.217;0.109;0
91;0;1.317;2.635;3.866;5.097;5.897;6.696;7.495;8.295;9.166;10.038;10.409;10.865;11.215;11.568;11.925;12.287;12.452;12.617;12.782;12.948;13.123;13.299;13.474;13.65;13.808;13.965;14.165;14.377;14.54;14.702;14.864;15.027;15.039;15.052;15.065;14.961;14.759;14.558;14.358;14.16;12.961;11.763;10.564;9.365;8.167;6.968;5.769;4.571;3.372;2.174;2.065;1.956;1.847;1.739;1.63;1.521;1.413;1.304;1.195;1.087;0.978;0.869;0.761;0.652;0.543;0.435;0.326;0.217;0.109;0
92;0;1.316;2.632;3.865;5.097;5.896;6.695;7.494;8.292;9.164;10.036;10.413;10.877;11.234;11.595;11.96;12.33;12.503;12.676;12.848;13.021;13.197;13.373;13.549;13.726;13.889;14.053;14.24;14.469;14.636;14.803;14.97;15.137;15.156;15.176;15.195;15.098;14.884;14.672;14.462;14.252;13.045;11.837;10.629;9.421;8.213;7.005;5.797;4.589;3.381;2.174;2.065;1.956;1.847;1.739;1.63;1.521;1.413;1.304;1.195;1.087;0.978;0.869;0.761;0.652;0.543;0.435;0.326;0.217;0.109;0
93;0;1.315;2.63;3.864;5.097;5.895;6.694;7.492;8.29;9.162;10.033;10.417;10.888;11.253;11.622;11.996;12.374;12.554;12.734;12.914;13.094;13.271;13.448;13.625;13.801;13.971;14.14;14.314;14.561;14.732;14.904;15.076;15.247;15.273;15.3;15.326;15.235;15.01;14.786;14.565;14.345;13.128;11.911;10.694;9.476;8.259;7.042;5.825;4.608;3.391;2.174;2.065;1.956;1.847;1.739;1.63;1.521;1.413;1.304;1.195;1.087;0.978;0.869;0.761;0.652;0.543;0.435;0.326;0.217;0.109;0
94;0;1.314;2.628;3.863;5.097;5.895;6.693;7.49;8.288;9.16;10.031;10.422;10.899;11.272;11.649;12.031;12.418;12.605;12.793;12.98;13.168;13.345;13.522;13.7;13.877;14.052;14.227;14.402;14.653;14.829;15.005;15.181;15.357;15.391;15.424;15.457;15.371;15.135;14.901;14.668;14.438;13.211;11.985;10.758;9.532;8.306;7.079;5.853;4.626;3.4;2.174;2.065;1.956;1.847;1.739;1.63;1.521;1.413;1.304;1.195;1.087;0.978;0.869;0.761;0.652;0.543;0.435;0.326;0.217;0.109;0
95;0;1.313;2.626;3.862;5.097;5.894;6.692;7.489;8.286;9.157;10.029;10.426;10.91;11.291;11.676;12.066;12.461;12.656;12.851;13.046;13.241;13.419;13.597;13.775;13.953;14.133;14.314;14.495;14.745;14.925;15.106;15.287;15.467;15.508;15.548;15.588;15.508;15.26;15.015;14.772;14.53;13.295;12.059;10.823;9.588;8.352;7.116;5.881;4.645;3.409;2.174;2.065;1.956;1.847;1.739;1.63;1.521;1.413;1.304;1.195;1.087;0.978;0.869;0.761;0.652;0.543;0.435;0.326;0.217;0.109;0
96;0;1.312;2.624;3.859;5.095;5.892;6.689;7.486;8.284;9.155;10.027;10.431;10.921;11.309;11.702;12.1;12.502;12.705;12.907;13.11;13.313;13.492;13.671;13.85;14.029;14.213;14.398;14.583;14.836;15.022;15.207;15.392;15.578;15.618;15.659;15.7;15.619;15.361;15.105;14.851;14.599;13.356;12.114;10.871;9.629;8.386;7.144;5.901;4.659;3.416;2.174;2.065;1.956;1.847;1.739;1.63;1.521;1.413;1.304;1.195;1.087;0.978;0.869;0.761;0.652;0.543;0.435;0.326;0.217;0.109;0
97;0;1.311;2.621;3.857;5.093;5.89;6.687;7.484;8.281;9.153;10.025;10.435;10.932;11.328;11.728;12.134;12.544;12.754;12.964;13.174;13.384;13.564;13.744;13.924;14.104;14.293;14.482;14.67;14.928;15.118;15.308;15.498;15.688;15.729;15.77;15.812;15.731;15.462;15.195;14.93;14.667;13.418;12.169;10.919;9.67;8.42;7.171;5.922;4.672;3.423;2.174;2.065;1.956;1.847;1.739;1.63;1.521;1.413;1.304;1.195;1.087;0.978;0.869;0.761;0.652;0.543;0.435;0.326;0.217;0.109;0
98;0;1.31;2.619;3.855;5.091;5.888;6.685;7.482;8.279;9.151;10.022;10.439;10.943;11.346;11.754;12.167;12.585;12.802;13.02;13.237;13.455;13.636;13.817;13.999;14.18;14.373;14.566;14.758;15.02;15.214;15.409;15.603;15.798;15.84;15.882;15.923;15.843;15.562;15.284;15.009;14.736;13.479;12.223;10.967;9.711;8.455;7.198;5.942;4.686;3.43;2.174;2.065;1.956;1.847;1.739;1.63;1.521;1.413;1.304;1.195;1.087;0.978;0.869;0.761;0.652;0.543;0.435;0.326;0.217;0.109;0
99;0;1.309;2.617;3.853;5.088;5.886;6.683;7.48;8.277;9.149;10.02;10.444;10.954;11.365;11.78;12.201;12.626;12.851;13.076;13.301;13.526;13.708;13.891;14.073;14.256;14.452;14.649;14.846;15.112;15.311;15.51;15.709;15.908;15.95;15.993;16.035;15.954;15.663;15.374;15.088;14.804;13.541;12.278;11.015;9.752;8.489;7.226;5.963;4.7;3.437;2.174;2.065;1.956;1.847;1.739;1.63;1.521;1.413;1.304;1.195;1.087;0.978;0.869;0.761;0.652;0.543;0.435;0.326;0.217;0.109;0
100;0;1.307;2.615;3.851;5.086;5.883;6.68;7.478;8.275;9.146;10.018;10.448;10.966;11.383;11.806;12.234;12.668;12.9;13.132;13.365;13.597;13.781;13.964;14.148;14.331;14.532;14.733;14.934;15.203;15.407;15.611;15.814;16.018;16.061;16.104;16.147;16.066;15.763;15.464;15.167;14.872;13.603;12.333;11.063;9.793;8.523;7.253;5.983;4.713;3.443;2.174;2.065;1.956;1.847;1.739;1.63;1.521;1.413;1.304;1.195;1.087;0.978;0.869;0.761;0.652;0.543;0.435;0.326;0.217;0.109;0
101;0;1.305;2.61;3.846;5.082;5.879;6.677;7.475;8.273;9.141;10.009;10.444;10.966;11.394;11.828;12.267;12.711;12.953;13.194;13.436;13.677;13.864;14.051;14.238;14.426;14.629;14.832;15.035;15.293;15.502;15.711;15.919;16.128;16.172;16.216;16.259;16.177;15.867;15.56;15.256;14.954;13.676;12.398;11.12;9.842;8.564;7.286;6.008;4.73;3.452;2.174;2.065;1.956;1.847;1.739;1.63;1.521;1.413;1.304;1.195;1.087;0.978;0.869;0.761;0.652;0.543;0.435;0.326;0.217;0.109;0
102;0;1.303;2.606;3.842;5.077;5.876;6.674;7.472;8.27;9.135;10;10.439;10.966;11.405;11.849;12.299;12.755;13.006;13.256;13.507;13.758;13.948;14.139;14.329;14.52;14.725;14.93;15.136;15.382;15.596;15.81;16.024;16.238;16.283;16.327;16.371;16.289;15.971;15.656;15.345;15.036;13.75;12.463;11.177;9.891;8.605;7.318;6.032;4.746;3.46;2.174;2.065;1.956;1.847;1.739;1.63;1.521;1.413;1.304;1.195;1.087;0.978;0.869;0.761;0.652;0.543;0.435;0.326;0.217;0.109;0
103;0;1.301;2.602;3.837;5.073;5.872;6.671;7.469;8.268;9.13;9.991;10.435;10.966;11.415;11.871;12.332;12.798;13.058;13.318;13.578;13.838;14.032;14.226;14.42;14.614;14.821;15.029;15.237;15.472;15.691;15.91;16.129;16.349;16.393;16.438;16.483;16.4;16.075;15.753;15.434;15.117;13.823;12.529;11.234;9.94;8.645;7.351;6.057;4.762;3.468;2.174;2.065;1.956;1.847;1.739;1.63;1.521;1.413;1.304;1.195;1.087;0.978;0.869;0.761;0.652;0.543;0.435;0.326;0.217;0.109;0
104;0;1.299;2.597;3.833;5.069;5.868;6.667;7.467;8.266;9.124;9.983;10.431;10.966;11.426;11.892;12.364;12.842;13.111;13.38;13.649;13.918;14.116;14.313;14.51;14.708;14.918;15.128;15.338;15.561;15.786;16.01;16.234;16.459;16.504;16.549;16.595;16.512;16.179;15.849;15.523;15.199;13.897;12.594;11.291;9.989;8.686;7.384;6.081;4.779;3.476;2.174;2.065;1.956;1.847;1.739;1.63;1.521;1.413;1.304;1.195;1.087;0.978;0.869;0.761;0.652;0.543;0.435;0.326;0.217;0.109;0
105;0;1.296;2.593;3.828;5.064;5.864;6.664;7.464;8.264;9.119;9.974;10.426;10.966;11.437;11.914;12.397;12.886;13.164;13.442;13.72;13.999;14.199;14.4;14.601;14.802;15.014;15.226;15.439;15.651;15.88;16.11;16.339;16.569;16.615;16.661;16.707;16.624;16.283;15.946;15.611;15.281;13.97;12.659;11.349;10.038;8.727;7.416;6.106;4.795;3.484;2.174;2.065;1.956;1.847;1.739;1.63;1.521;1.413;1.304;1.195;1.087;0.978;0.869;0.761;0.652;0.543;0.435;0.326;0.217;0.109;0
106;0;1.295;2.591;3.826;5.062;5.862;6.662;7.462;8.262;9.113;9.965;10.423;10.968;11.448;11.935;12.428;12.927;13.214;13.502;13.789;14.077;14.282;14.487;14.693;14.898;15.112;15.325;15.539;15.752;15.958;16.19;16.435;16.679;16.716;16.754;16.791;16.699;16.354;16.012;15.673;15.338;14.022;12.705;11.389;10.072;8.756;7.439;6.123;4.806;3.49;2.174;2.065;1.956;1.847;1.739;1.63;1.521;1.413;1.304;1.195;1.087;0.978;0.869;0.761;0.652;0.543;0.435;0.326;0.217;0.109;0
107;0;1.294;2.588;3.824;5.06;5.86;6.66;7.459;8.259;9.108;9.956;10.42;10.97;11.46;11.956;12.459;12.968;13.265;13.561;13.858;14.155;14.365;14.575;14.785;14.995;15.209;15.424;15.638;15.853;16.061;16.271;16.53;16.789;16.818;16.847;16.875;16.774;16.424;16.078;15.735;15.395;14.073;12.751;11.429;10.107;8.784;7.462;6.14;4.818;3.496;2.174;2.065;1.956;1.847;1.739;1.63;1.521;1.413;1.304;1.195;1.087;0.978;0.869;0.761;0.652;0.543;0.435;0.326;0.217;0.109;0
108;0;1.293;2.586;3.822;5.058;5.857;6.657;7.457;8.257;9.102;9.947;10.416;10.972;11.472;11.978;12.491;13.01;13.315;13.621;13.927;14.233;14.447;14.662;14.876;15.091;15.307;15.522;15.738;15.954;16.164;16.375;16.625;16.899;16.919;16.94;16.96;16.849;16.495;16.144;15.797;15.453;14.125;12.797;11.469;10.141;8.813;7.485;6.157;4.829;3.501;2.174;2.065;1.956;1.847;1.739;1.63;1.521;1.413;1.304;1.195;1.087;0.978;0.869;0.761;0.652;0.543;0.435;0.326;0.217;0.109;0
109;0;1.292;2.584;3.82;5.055;5.855;6.655;7.455;8.255;9.097;9.939;10.413;10.974;11.484;11.999;12.522;13.051;13.366;13.681;13.996;14.311;14.53;14.749;14.968;15.187;15.404;15.621;15.838;16.055;16.268;16.481;16.72;17.01;17.021;17.032;17.044;16.924;16.565;16.21;15.858;15.51;14.177;12.843;11.509;10.176;8.842;7.508;6.175;4.841;3.507;2.174;2.065;1.956;1.847;1.739;1.63;1.521;1.413;1.304;1.195;1.087;0.978;0.869;0.761;0.652;0.543;0.435;0.326;0.217;0.109;0
110;0;1.291;2.582;3.817;5.053;5.853;6.653;7.453;8.253;9.091;9.93;10.41;10.977;11.495;12.021;12.553;13.092;13.416;13.74;14.065;14.389;14.613;14.836;15.06;15.284;15.502;15.72;15.938;16.156;16.371;16.586;16.816;17.12;17.123;17.125;17.128;16.999;16.636;16.276;15.92;15.568;14.228;12.889;11.549;10.21;8.871;7.531;6.192;4.852;3.513;2.174;2.065;1.956;1.847;1.739;1.63;1.521;1.413;1.304;1.195;1.087;0.978;0.869;0.761;0.652;0.543;0.435;0.326;0.217;0.109;0
111;0;1.284;2.568;3.802;5.035;5.836;6.636;7.437;8.237;9.071;9.905;10.391;10.963;11.494;12.032;12.577;13.129;13.459;13.789;14.119;14.448;14.673;14.898;15.123;15.348;15.568;15.789;16.009;16.229;16.447;16.665;16.883;17.207;17.198;17.189;17.179;17.038;16.686;16.337;15.991;15.649;14.302;12.954;11.606;10.259;8.911;7.564;6.216;4.869;3.521;2.174;2.065;1.956;1.847;1.739;1.63;1.521;1.413;1.304;1.195;1.087;0.978;0.869;0.761;0.652;0.543;0.435;0.326;0.217;0.109;0
112;0;1.278;2.555;3.787;5.018;5.819;6.62;7.421;8.222;9.051;9.881;10.372;10.95;11.493;12.043;12.601;13.166;13.501;13.837;14.173;14.508;14.734;14.96;15.186;15.412;15.635;15.858;16.08;16.303;16.524;16.744;16.965;17.294;17.273;17.252;17.23;17.077;16.735;16.397;16.062;15.731;14.375;13.019;11.664;10.308;8.952;7.596;6.241;4.885;3.529;2.174;2.065;1.956;1.847;1.739;1.63;1.521;1.413;1.304;1.195;1.087;0.978;0.869;0.761;0.652;0.543;0.435;0.326;0.217;0.109;0
113;0;1.271;2.542;3.771;5;5.802;6.603;7.405;8.206;9.032;9.857;10.353;10.937;11.492;12.055;12.625;13.202;13.544;13.885;14.226;14.568;14.795;15.022;15.249;15.477;15.701;15.926;16.151;16.376;16.6;16.824;17.047;17.381;17.348;17.315;17.281;17.116;16.785;16.458;16.134;15.812;14.449;13.085;11.721;10.357;8.993;7.629;6.265;4.901;3.537;2.174;2.065;1.956;1.847;1.739;1.63;1.521;1.413;1.304;1.195;1.087;0.978;0.869;0.761;0.652;0.543;0.435;0.326;0.217;0.109;0
114;0;1.267;2.533;3.756;4.983;5.785;6.587;7.389;8.191;9.012;9.833;10.335;10.923;11.491;12.066;12.649;13.239;13.586;13.933;14.28;14.627;14.856;15.084;15.312;15.541;15.768;15.995;16.222;16.45;16.676;16.903;17.129;17.469;17.423;17.378;17.333;17.154;16.835;16.518;16.205;15.894;14.522;13.15;11.778;10.406;9.034;7.662;6.29;4.918;3.546;2.174;2.065;1.956;1.847;1.739;1.63;1.521;1.413;1.304;1.195;1.087;0.978;0.869;0.761;0.652;0.543;0.435;0.326;0.217;0.109;0
115;0;1.263;2.527;3.746;4.965;5.768;6.57;7.373;8.175;8.992;9.808;10.316;10.91;11.49;12.077;12.673;13.276;13.629;13.981;14.334;14.687;14.917;15.146;15.376;15.605;15.835;16.064;16.294;16.523;16.753;16.982;17.211;17.556;17.498;17.441;17.384;17.193;16.885;16.579;16.276;15.976;14.596;13.215;11.835;10.455;9.075;7.694;6.314;4.934;3.554;2.174;2.065;1.956;1.847;1.739;1.63;1.521;1.413;1.304;1.195;1.087;0.978;0.869;0.761;0.652;0.543;0.435;0.326;0.217;0.109;0
116;0;1.259;2.518;3.731;4.945;5.742;6.548;7.354;8.16;8.972;9.784;10.297;10.897;11.489;12.089;12.697;13.313;13.671;14.03;14.388;14.747;14.978;15.209;15.44;15.672;15.903;16.135;16.367;16.599;16.831;17.063;17.296;17.636;17.569;17.502;17.435;17.234;16.932;16.633;16.336;16.042;14.655;13.268;11.881;10.495;9.108;7.721;6.334;4.947;3.56;2.174;2.065;1.956;1.847;1.739;1.63;1.521;1.413;1.304;1.195;1.087;0.978;0.869;0.761;0.652;0.543;0.435;0.326;0.217;0.109;0
117;0;1.254;2.509;3.717;4.925;5.717;6.526;7.335;8.145;8.952;9.76;10.278;10.883;11.488;12.1;12.721;13.349;13.714;14.078;14.442;14.806;15.039;15.272;15.505;15.738;15.972;16.206;16.44;16.674;16.91;17.145;17.38;17.716;17.639;17.563;17.486;17.275;16.979;16.687;16.396;16.108;14.715;13.321;11.928;10.534;9.141;7.747;6.354;4.96;3.567;2.174;2.065;1.956;1.847;1.739;1.63;1.521;1.413;1.304;1.195;1.087;0.978;0.869;0.761;0.652;0.543;0.435;0.326;0.217;0.109;0
118;0;1.25;2.5;3.703;4.905;5.692;6.504;7.317;8.129;8.932;9.736;10.26;10.87;11.486;12.111;12.744;13.386;13.756;14.126;14.496;14.866;15.101;15.335;15.57;15.805;16.041;16.277;16.514;16.75;16.988;17.226;17.464;17.797;17.71;17.623;17.537;17.316;17.027;16.74;16.456;16.174;14.774;13.374;11.974;10.574;9.174;7.774;6.374;4.974;3.574;2.174;2.065;1.956;1.847;1.739;1.63;1.521;1.413;1.304;1.195;1.087;0.978;0.869;0.761;0.652;0.543;0.435;0.326;0.217;0.109;0
119;0;1.246;2.491;3.688;4.885;5.683;6.482;7.298;8.114;8.912;9.711;10.241;10.857;11.485;12.123;12.768;13.423;13.798;14.174;14.55;14.926;15.162;15.399;15.635;15.871;16.11;16.349;16.587;16.826;17.067;17.308;17.549;17.877;17.781;17.684;17.588;17.357;17.074;16.794;16.516;16.241;14.834;13.427;12.02;10.614;9.207;7.8;6.394;4.987;3.58;2.174;2.065;1.956;1.847;1.739;1.63;1.521;1.413;1.304;1.195;1.087;0.978;0.869;0.761;0.652;0.543;0.435;0.326;0.217;0.109;0
120;0;1.241;2.482;3.674;4.866;5.674;6.482;7.29;8.098;8.893;9.687;10.222;10.843;11.484;12.134;12.792;13.459;13.841;14.222;14.604;14.985;15.224;15.462;15.7;15.938;16.179;16.42;16.661;16.902;17.146;17.389;17.633;17.957;17.851;17.745;17.639;17.398;17.122;16.848;16.576;16.307;14.893;13.48;12.067;10.653;9.24;7.827;6.413;5;3.587;2.174;2.065;1.956;1.847;1.739;1.63;1.521;1.413;1.304;1.195;1.087;0.978;0.869;0.761;0.652;0.543;0.435;0.326;0.217;0.109;0
121;0;1.231;2.463;3.644;4.826;5.637;6.448;7.259;8.07;8.857;9.645;10.179;10.814;11.466;12.126;12.795;13.473;13.858;14.242;14.626;15.011;15.252;15.494;15.735;15.977;16.221;16.466;16.71;16.954;17.202;17.45;17.698;17.98;17.88;17.779;17.679;17.443;17.172;16.902;16.634;16.369;14.949;13.53;12.11;10.691;9.271;7.852;6.432;5.013;3.593;2.174;2.065;1.956;1.847;1.739;1.63;1.521;1.413;1.304;1.195;1.087;0.978;0.869;0.761;0.652;0.543;0.435;0.326;0.217;0.109;0
122;0;1.221;2.443;3.614;4.786;5.6;6.413;7.227;8.041;8.833;9.625;10.136;10.785;11.447;12.118;12.798;13.487;13.874;14.261;14.649;15.036;15.281;15.526;15.771;16.016;16.264;16.512;16.759;17.007;17.259;17.511;17.763;18.015;17.909;17.814;17.719;17.489;17.221;16.956;16.692;16.43;15.005;13.579;12.153;10.728;9.302;7.876;6.451;5.025;3.599;2.174;2.065;1.956;1.847;1.739;1.63;1.521;1.413;1.304;1.195;1.087;0.978;0.869;0.761;0.652;0.543;0.435;0.326;0.217;0.109;0
123;0;1.211;2.423;3.585;4.746;5.563;6.379;7.196;8.012;8.809;9.605;10.106;10.756;11.429;12.11;12.801;13.501;13.891;14.281;14.671;15.061;15.31;15.558;15.806;16.055;16.306;16.557;16.809;17.06;17.316;17.572;17.828;18.084;17.943;17.848;17.759;17.535;17.271;17.009;16.75;16.492;15.06;13.628;12.197;10.765;9.333;7.901;6.469;5.037;3.605;2.174;2.065;1.956;1.847;1.739;1.63;1.521;1.413;1.304;1.195;1.087;0.978;0.869;0.761;0.652;0.543;0.435;0.326;0.217;0.109;0
124;0;1.201;2.403;3.555;4.707;5.526;6.345;7.164;7.983;8.784;9.585;10.101;10.728;11.41;12.102;12.804;13.514;13.907;14.3;14.693;15.086;15.338;15.59;15.842;16.094;16.349;16.603;16.858;17.113;17.373;17.633;17.892;18.152;18.006;17.883;17.8;17.58;17.321;17.063;16.808;16.554;15.116;13.678;12.24;10.802;9.364;7.926;6.488;5.05;3.612;2.174;2.065;1.956;1.847;1.739;1.63;1.521;1.413;1.304;1.195;1.087;0.978;0.869;0.761;0.652;0.543;0.435;0.326;0.217;0.109;0
125;0;1.192;2.383;3.525;4.667;5.489;6.311;7.133;7.955;8.76;9.566;10.095;10.71;11.392;12.094;12.806;13.528;13.924;14.32;14.716;15.112;15.367;15.622;15.878;16.133;16.391;16.649;16.907;17.166;17.429;17.693;17.957;18.221;18.069;17.917;17.84;17.626;17.37;17.117;16.865;16.616;15.171;13.727;12.283;10.839;9.395;7.95;6.506;5.062;3.618;2.174;2.065;1.956;1.847;1.739;1.63;1.521;1.413;1.304;1.195;1.087;0.978;0.869;0.761;0.652;0.543;0.435;0.326;0.217;0.109;0
126;0;1.181;2.361;3.494;4.627;5.453;6.278;7.103;7.928;8.723;9.517;10.058;10.683;11.354;12.072;12.8;13.537;13.937;14.336;14.735;15.135;15.394;15.653;15.913;16.172;16.434;16.695;16.957;17.218;17.487;17.755;18.024;18.292;18.125;17.957;17.841;17.635;17.387;17.14;16.896;16.653;15.205;13.757;12.309;10.861;9.413;7.965;6.517;5.069;3.621;2.174;2.065;1.956;1.847;1.739;1.63;1.521;1.413;1.304;1.195;1.087;0.978;0.869;0.761;0.652;0.543;0.435;0.326;0.217;0.109;0
127;0;1.169;2.339;3.463;4.588;5.416;6.245;7.073;7.902;8.685;9.469;10.02;10.656;11.343;12.049;12.793;13.547;13.949;14.352;14.755;15.158;15.421;15.684;15.948;16.211;16.476;16.741;17.006;17.271;17.544;17.817;18.09;18.364;18.18;17.997;17.843;17.644;17.403;17.164;16.927;16.691;15.239;13.787;12.336;10.884;9.432;7.98;6.529;5.077;3.625;2.174;2.065;1.956;1.847;1.739;1.63;1.521;1.413;1.304;1.195;1.087;0.978;0.869;0.761;0.652;0.543;0.435;0.326;0.217;0.109;0
128;0;1.158;2.317;3.432;4.548;5.38;6.212;7.043;7.875;8.648;9.42;9.983;10.63;11.334;12.048;12.786;13.556;13.962;14.368;14.774;15.181;15.448;15.715;15.983;16.25;16.518;16.787;17.055;17.324;17.602;17.879;18.157;18.435;18.236;18.038;17.845;17.653;17.42;17.188;16.957;16.728;15.273;13.817;12.362;10.906;9.451;7.995;6.54;5.084;3.629;2.174;2.065;1.956;1.847;1.739;1.63;1.521;1.413;1.304;1.195;1.087;0.978;0.869;0.761;0.652;0.543;0.435;0.326;0.217;0.109;0
129;0;1.147;2.295;3.401;4.508;5.343;6.178;7.014;7.849;8.61;9.371;9.945;10.603;11.325;12.057;12.799;13.565;13.975;14.384;14.794;15.203;15.475;15.746;16.018;16.289;16.561;16.833;17.105;17.377;17.659;17.941;18.224;18.506;18.292;18.078;17.864;17.662;17.436;17.211;16.988;16.766;15.307;13.847;12.388;10.929;9.47;8.01;6.551;5.092;3.633;2.174;2.065;1.956;1.847;1.739;1.63;1.521;1.413;1.304;1.195;1.087;0.978;0.869;0.761;0.652;0.543;0.435;0.326;0.217;0.109;0
130;0;1.136;2.273;3.371;4.468;5.307;6.145;6.984;7.822;8.573;9.323;9.908;10.576;11.316;12.066;12.826;13.597;13.987;14.4;14.813;15.226;15.502;15.777;16.053;16.328;16.603;16.879;17.154;17.429;17.716;18.003;18.29;18.577;18.347;18.118;17.888;17.671;17.452;17.235;17.018;16.803;15.34;13.877;12.414;10.951;9.488;8.025;6.562;5.099;3.636;2.174;2.065;1.956;1.847;1.739;1.63;1.521;1.413;1.304;1.195;1.087;0.978;0.869;0.761;0.652;0.543;0.435;0.326;0.217;0.109;0
131;0;1.114;2.229;3.288;4.347;5.202;6.057;6.912;7.767;8.508;9.248;9.837;10.51;11.257;12.015;12.784;13.563;13.933;14.362;14.792;15.224;15.509;15.796;16.082;16.369;16.652;16.934;17.216;17.498;17.789;18.08;18.371;18.662;18.407;18.152;17.898;17.653;17.446;17.24;17.036;16.832;15.366;13.9;12.434;10.969;9.503;8.037;6.571;5.105;3.639;2.174;2.065;1.956;1.847;1.739;1.63;1.521;1.413;1.304;1.195;1.087;0.978;0.869;0.761;0.652;0.543;0.435;0.326;0.217;0.109;0
132;0;1.092;2.185;3.205;4.226;5.097;5.969;6.84;7.712;8.442;9.173;9.766;10.443;11.198;11.964;12.741;13.528;13.878;14.325;14.771;15.233;15.516;15.814;16.112;16.411;16.7;16.989;17.278;17.567;17.862;18.157;18.452;18.747;18.467;18.187;17.907;17.635;17.44;17.246;17.053;16.861;15.392;13.923;12.454;10.986;9.517;8.048;6.58;5.111;3.642;2.174;2.065;1.956;1.847;1.739;1.63;1.521;1.413;1.304;1.195;1.087;0.978;0.869;0.761;0.652;0.543;0.435;0.326;0.217;0.109;0
133;0;1.07;2.14;3.122;4.104;4.992;5.881;6.769;7.657;8.377;9.098;9.696;10.376;11.139;11.914;12.698;13.494;13.824;14.287;14.75;15.242;15.538;15.833;16.142;16.452;16.748;17.044;17.34;17.636;17.935;18.234;18.533;18.832;18.526;18.221;17.916;17.617;17.434;17.251;17.07;16.889;15.418;13.946;12.475;11.003;9.531;8.06;6.588;5.117;3.645;2.174;2.065;1.956;1.847;1.739;1.63;1.521;1.413;1.304;1.195;1.087;0.978;0.869;0.761;0.652;0.543;0.435;0.326;0.217;0.109;0
134;0;1.048;2.096;3.04;3.983;4.888;5.792;6.697;7.602;8.312;9.023;9.625;10.309;11.081;11.863;12.656;13.459;13.769;14.249;14.728;15.252;15.564;15.877;16.19;16.502;16.796;17.099;17.402;17.705;18.008;18.311;18.614;18.917;18.586;18.256;17.925;17.598;17.427;17.257;17.087;16.918;15.444;13.969;12.495;11.02;9.546;8.071;6.597;5.122;3.648;2.174;2.065;1.956;1.847;1.739;1.63;1.521;1.413;1.304;1.195;1.087;0.978;0.869;0.761;0.652;0.543;0.435;0.326;0.217;0.109;0
135;0;1.026;2.052;2.957;3.862;4.783;5.704;6.625;7.547;8.247;8.948;9.555;10.243;11.022;11.812;12.613;13.425;13.715;14.211;14.707;15.261;15.591;15.921;16.251;16.58;16.899;17.217;17.536;17.854;18.158;18.462;18.766;19.07;18.666;18.29;17.934;17.58;17.421;17.263;17.105;16.947;15.469;13.992;12.515;11.037;9.56;8.083;6.605;5.128;3.651;2.174;2.065;1.956;1.847;1.739;1.63;1.521;1.413;1.304;1.195;1.087;0.978;0.869;0.761;0.652;0.543;0.435;0.326;0.217;0.109;0
136;0;0.957;1.913;2.792;3.672;4.61;5.547;6.485;7.423;8.116;8.809;9.442;10.156;10.93;11.715;12.51;13.317;13.551;14.064;14.578;15.199;15.54;15.88;16.221;16.562;16.891;17.221;17.55;17.879;18.193;18.507;18.821;19.135;18.722;18.308;17.929;17.523;17.384;17.245;17.106;16.967;15.487;14.008;12.529;11.049;9.57;8.091;6.611;5.132;3.653;2.174;2.065;1.956;1.847;1.739;1.63;1.521;1.413;1.304;1.195;1.087;0.978;0.869;0.761;0.652;0.543;0.435;0.326;0.217;0.109;0
137;0;0.887;1.774;2.628;3.482;4.436;5.391;6.345;7.299;7.985;8.67;9.33;10.069;10.838;11.618;12.408;13.209;13.45;13.917;14.448;15.137;15.489;15.84;16.192;16.544;16.884;17.224;17.564;17.905;18.228;18.552;18.875;19.199;18.777;18.355;17.934;17.466;17.347;17.227;17.107;16.986;15.505;14.024;12.543;11.061;9.58;8.099;6.617;5.136;3.655;2.174;2.065;1.956;1.847;1.739;1.63;1.521;1.413;1.304;1.195;1.087;0.978;0.869;0.761;0.652;0.543;0.435;0.326;0.217;0.109;0
138;0;0.818;1.635;2.464;3.292;4.263;5.234;6.205;7.176;7.853;8.531;9.217;9.982;10.746;11.52;12.305;13.101;13.354;13.77;14.318;15.075;15.438;15.8;16.163;16.525;16.876;17.228;17.579;17.93;18.263;18.596;18.93;19.263;18.833;18.403;17.972;17.409;17.309;17.209;17.108;17.006;15.523;14.04;12.556;11.073;9.59;8.107;6.623;5.14;3.657;2.174;2.065;1.956;1.847;1.739;1.63;1.521;1.413;1.304;1.195;1.087;0.978;0.869;0.761;0.652;0.543;0.435;0.326;0.217;0.109;0
139;0;0.748;1.496;2.299;3.102;4.09;5.077;6.065;7.052;7.722;8.392;9.104;9.896;10.654;11.423;12.203;12.994;13.259;13.623;14.189;15.013;15.386;15.76;16.133;16.507;16.869;17.231;17.593;17.955;18.298;18.641;18.984;19.327;18.888;18.45;18.011;17.437;17.303;17.191;17.109;17.026;15.541;14.056;12.57;11.085;9.6;8.115;6.629;5.144;3.659;2.174;2.065;1.956;1.847;1.739;1.63;1.521;1.413;1.304;1.195;1.087;0.978;0.869;0.761;0.652;0.543;0.435;0.326;0.217;0.109;0
140;0;0.679;1.357;2.135;2.913;3.917;4.921;5.925;6.929;7.591;8.253;8.992;9.809;10.562;11.326;12.101;12.886;13.164;13.5;14.076;14.951;15.335;15.72;16.104;16.489;16.862;17.234;17.607;17.98;18.333;18.686;19.039;19.392;18.944;18.497;18.049;17.466;17.362;17.257;17.152;17.046;15.559;14.071;12.584;11.097;9.61;8.122;6.635;5.148;3.661;2.174;2.065;1.956;1.847;1.739;1.63;1.521;1.413;1.304;1.195;1.087;0.978;0.869;0.761;0.652;0.543;0.435;0.326;0.217;0.109;0
141;0;0.632;1.264;2;2.736;3.753;4.77;5.786;6.803;7.461;8.118;8.856;9.671;10.416;11.172;11.939;12.716;13.019;13.381;13.981;14.875;15.263;15.651;16.039;16.427;16.809;17.191;17.573;17.955;18.314;18.672;19.031;19.389;18.931;18.473;18.014;17.421;17.33;17.239;17.147;17.055;15.567;14.079;12.59;11.102;9.614;8.126;6.638;5.15;3.662;2.174;2.065;1.956;1.847;1.739;1.63;1.521;1.413;1.304;1.195;1.087;0.978;0.869;0.761;0.652;0.543;0.435;0.326;0.217;0.109;0
142;0;0.586;1.172;1.866;2.56;3.589;4.618;5.648;6.677;7.33;7.983;8.72;9.533;10.271;11.019;11.777;12.546;12.874;13.263;13.887;14.8;15.191;15.582;15.973;16.365;16.756;17.147;17.538;17.93;18.294;18.658;19.023;19.387;18.918;18.448;17.979;17.375;17.299;17.221;17.143;17.064;15.575;14.086;12.597;11.108;9.619;8.13;6.641;5.152;3.663;2.174;2.065;1.956;1.847;1.739;1.63;1.521;1.413;1.304;1.195;1.087;0.978;0.869;0.761;0.652;0.543;0.435;0.326;0.217;0.109;0
143;0;0.54;1.079;1.731;2.383;3.425;4.467;5.509;6.551;7.2;7.849;8.585;9.395;10.125;10.865;11.615;12.376;12.728;13.145;13.792;14.724;15.119;15.513;15.908;16.303;16.703;17.104;17.504;17.905;18.275;18.645;19.015;19.385;18.905;18.424;17.944;17.33;17.267;17.203;17.138;17.072;15.583;14.093;12.603;11.113;9.623;8.133;6.643;5.153;3.663;2.174;2.065;1.956;1.847;1.739;1.63;1.521;1.413;1.304;1.195;1.087;0.978;0.869;0.761;0.652;0.543;0.435;0.326;0.217;0.109;0
144;0;0.493;0.986;1.596;2.207;3.261;4.316;5.371;6.426;7.07;7.714;8.449;9.257;9.979;10.711;11.454;12.206;12.583;13.027;13.697;14.648;15.046;15.444;15.843;16.241;16.65;17.06;17.47;17.879;18.255;18.631;19.007;19.382;18.891;18.4;17.909;17.284;17.235;17.185;17.134;17.081;15.591;14.1;12.609;11.118;9.627;8.137;6.646;5.155;3.664;2.174;2.065;1.956;1.847;1.739;1.63;1.521;1.413;1.304;1.195;1.087;0.978;0.869;0.761;0.652;0.543;0.435;0.326;0.217;0.109;0
145;0;0.447;0.894;1.462;2.03;3.098;4.165;5.232;6.3;6.94;7.58;8.313;9.119;9.834;10.558;11.292;12.037;12.438;12.909;13.603;14.572;14.974;15.376;15.777;16.179;16.598;17.016;17.435;17.854;18.236;18.617;18.999;19.38;18.878;18.376;17.874;17.238;17.204;17.167;17.13;17.09;15.598;14.107;12.615;11.123;9.632;8.14;6.648;5.157;3.665;2.174;2.065;1.956;1.847;1.739;1.63;1.521;1.413;1.304;1.195;1.087;0.978;0.869;0.761;0.652;0.543;0.435;0.326;0.217;0.109;0
146;0;0.421;0.843;1.347;1.851;2.904;3.958;5.011;6.064;6.724;7.383;8.086;8.859;9.599;10.349;11.109;11.881;12.282;12.75;13.441;14.403;14.806;15.209;15.613;16.016;16.456;16.896;17.336;17.776;18.175;18.573;18.972;19.371;18.868;18.366;17.863;17.227;17.184;17.139;17.093;17.046;15.559;14.071;12.584;11.097;9.61;8.122;6.635;5.148;3.661;2.174;2.065;1.956;1.847;1.739;1.63;1.521;1.413;1.304;1.195;1.087;0.978;0.869;0.761;0.652;0.543;0.435;0.326;0.217;0.109;0
147;0;0.396;0.792;1.232;1.673;2.711;3.75;4.789;5.828;6.507;7.187;7.859;8.599;9.364;10.14;10.927;11.724;12.125;12.592;13.279;14.233;14.638;15.043;15.448;15.853;16.314;16.775;17.237;17.698;18.114;18.53;18.946;19.362;18.859;18.355;17.852;17.216;17.164;17.111;17.057;17.002;15.519;14.036;12.553;11.071;9.588;8.105;6.622;5.139;3.656;2.174;2.065;1.956;1.847;1.739;1.63;1.521;1.413;1.304;1.195;1.087;0.978;0.869;0.761;0.652;0.543;0.435;0.326;0.217;0.109;0
148;0;0.371;0.741;1.118;1.494;2.518;3.543;4.567;5.592;6.291;6.991;7.632;8.339;9.129;9.931;10.744;11.568;11.968;12.434;13.117;14.063;14.47;14.876;15.283;15.69;16.172;16.655;17.137;17.62;18.053;18.486;18.919;19.353;18.849;18.345;17.841;17.204;17.144;17.083;17.021;16.958;15.479;14.001;12.522;11.044;9.566;8.087;6.609;5.13;3.652;2.174;2.065;1.956;1.847;1.739;1.63;1.521;1.413;1.304;1.195;1.087;0.978;0.869;0.761;0.652;0.543;0.435;0.326;0.217;0.109;0
149;0;0.345;0.691;1.003;1.315;2.325;3.335;4.345;5.355;6.075;6.794;7.404;8.078;8.894;9.722;10.561;11.412;11.812;12.275;12.956;13.893;14.302;14.71;15.119;15.527;16.031;16.534;17.038;17.542;17.992;18.443;18.893;19.343;18.839;18.335;17.831;17.193;17.125;17.055;16.985;16.914;15.44;13.966;12.492;11.018;9.544;8.07;6.596;5.122;3.648;2.174;2.065;1.956;1.847;1.739;1.63;1.521;1.413;1.304;1.195;1.087;0.978;0.869;0.761;0.652;0.543;0.435;0.326;0.217;0.109;0
150;0;0.32;0.64;0.888;1.136;2.132;3.128;4.124;5.119;5.859;6.598;7.177;7.818;8.659;9.513;10.378;11.256;11.655;12.117;12.794;13.723;14.133;14.544;14.954;15.364;15.889;16.414;16.939;17.464;17.931;18.399;18.867;19.334;18.829;18.324;17.82;17.182;17.105;17.027;16.949;16.869;15.4;13.93;12.461;10.991;9.521;8.052;6.582;5.113;3.643;2.174;2.065;1.956;1.847;1.739;1.63;1.521;1.413;1.304;1.195;1.087;0.978;0.869;0.761;0.652;0.543;0.435;0.326;0.217;0.109;0
151;0;0.308;0.616;0.854;1.092;2.054;3.015;3.977;4.938;5.636;6.333;6.855;7.436;8.295;9.167;10.052;10.949;11.356;11.825;12.48;13.43;13.853;14.276;14.7;15.123;15.689;16.256;16.822;17.388;17.834;18.28;18.726;19.171;18.674;18.176;17.679;17.049;16.991;16.932;16.872;16.81;15.328;13.867;12.405;10.943;9.482;8.02;6.558;5.097;3.635;2.174;2.065;1.956;1.847;1.739;1.63;1.521;1.413;1.304;1.195;1.087;0.978;0.869;0.761;0.652;0.543;0.435;0.326;0.217;0.109;0
152;0;0.296;0.591;0.82;1.048;1.975;2.903;3.83;4.757;5.413;6.068;6.533;7.053;7.931;8.821;9.725;10.641;11.056;11.534;12.166;13.136;13.572;14.009;14.446;14.882;15.49;16.097;16.705;17.312;17.736;18.16;18.584;19.008;18.518;18.028;17.538;16.917;16.878;16.837;16.794;16.75;15.266;13.803;12.349;10.896;9.442;7.988;6.535;5.081;3.627;2.174;2.065;1.956;1.847;1.739;1.63;1.521;1.413;1.304;1.195;1.087;0.978;0.869;0.761;0.652;0.543;0.435;0.326;0.217;0.109;0
153;0;0.284;0.567;0.786;1.004;1.897;2.79;3.683;4.576;5.19;5.803;6.21;6.671;7.566;8.476;9.398;10.334;10.757;11.243;11.852;12.842;13.292;13.742;14.191;14.641;15.29;15.939;16.588;17.237;17.639;18.041;18.443;18.845;18.363;17.88;17.398;16.785;16.764;16.741;16.717;16.691;15.213;13.74;12.294;10.848;9.402;7.957;6.511;5.065;3.619;2.174;2.065;1.956;1.847;1.739;1.63;1.521;1.413;1.304;1.195;1.087;0.978;0.869;0.761;0.652;0.543;0.435;0.326;0.217;0.109;0
154;0;0.271;0.543;0.751;0.96;1.819;2.678;3.537;4.396;4.967;5.539;5.888;6.288;7.202;8.13;9.071;10.026;10.457;10.951;11.562;12.548;13.011;13.474;13.937;14.4;15.09;15.781;16.471;17.161;17.541;17.922;18.302;18.682;18.207;17.732;17.257;16.653;16.651;16.646;16.64;16.631;15.159;13.687;12.238;10.8;9.363;7.925;6.487;5.049;3.611;2.174;2.065;1.956;1.847;1.739;1.63;1.521;1.413;1.304;1.195;1.087;0.978;0.869;0.761;0.652;0.543;0.435;0.326;0.217;0.109;0
155;0;0.259;0.519;0.717;0.916;1.74;2.565;3.39;4.215;4.744;5.274;5.566;5.905;6.838;7.784;8.744;9.719;10.158;10.66;11.274;12.255;12.731;13.207;13.683;14.159;14.891;15.622;16.354;17.085;17.444;17.802;18.161;18.52;18.052;17.584;17.117;16.521;16.537;16.551;16.562;16.572;15.105;13.639;12.183;10.753;9.323;7.893;6.463;5.033;3.603;2.174;2.065;1.956;1.847;1.739;1.63;1.521;1.413;1.304;1.195;1.087;0.978;0.869;0.761;0.652;0.543;0.435;0.326;0.217;0.109;0
156;0;0.252;0.503;0.696;0.889;1.671;2.454;3.236;4.018;4.565;5.113;5.414;5.761;6.643;7.539;8.448;9.37;9.723;10.286;10.882;11.835;12.319;12.803;13.287;13.771;14.549;15.326;16.104;16.881;17.261;17.641;18.02;18.4;17.926;17.451;16.977;16.375;16.386;16.394;16.4;16.404;14.954;13.505;12.055;10.619;9.211;7.804;6.396;4.989;3.581;2.174;2.065;1.956;1.847;1.739;1.63;1.521;1.413;1.304;1.195;1.087;0.978;0.869;0.761;0.652;0.543;0.435;0.326;0.217;0.109;0
157;0;0.244;0.488;0.675;0.863;1.603;2.342;3.082;3.822;4.387;4.952;5.262;5.616;6.449;7.294;8.151;9.021;9.332;9.912;10.491;11.415;11.907;12.399;12.891;13.384;14.207;15.03;15.853;16.677;17.078;17.479;17.88;18.281;17.8;17.318;16.837;16.23;16.234;16.237;16.238;16.236;14.803;13.371;11.938;10.505;9.1;7.715;6.329;4.944;3.559;2.174;2.065;1.956;1.847;1.739;1.63;1.521;1.413;1.304;1.195;1.087;0.978;0.869;0.761;0.652;0.543;0.435;0.326;0.217;0.109;0
158;0;0.236;0.472;0.654;0.836;1.534;2.231;2.928;3.625;4.208;4.791;5.109;5.472;6.254;7.049;7.855;8.672;8.975;9.537;10.1;10.995;11.495;11.995;12.496;12.996;13.865;14.734;15.603;16.473;16.895;17.317;17.739;18.162;17.673;17.185;16.697;16.084;16.083;16.08;16.075;16.068;14.652;13.237;11.821;10.405;8.989;7.626;6.263;4.9;3.537;2.174;2.065;1.956;1.847;1.739;1.63;1.521;1.413;1.304;1.195;1.087;0.978;0.869;0.761;0.652;0.543;0.435;0.326;0.217;0.109;0
159;0;0.228;0.457;0.633;0.81;1.465;2.119;2.774;3.429;4.029;4.629;4.957;5.327;6.06;6.804;7.558;8.323;8.618;9.163;9.708;10.575;11.083;11.591;12.1;12.608;13.523;14.438;15.353;16.268;16.712;17.155;17.599;18.042;17.547;17.052;16.557;15.938;15.932;15.923;15.913;15.901;14.502;13.102;11.703;10.304;8.905;7.536;6.196;4.855;3.514;2.174;2.065;1.956;1.847;1.739;1.63;1.521;1.413;1.304;1.195;1.087;0.978;0.869;0.761;0.652;0.543;0.435;0.326;0.217;0.109;0
160;0;0.221;0.441;0.612;0.783;1.396;2.008;2.62;3.233;3.851;4.468;4.805;5.183;5.865;6.558;7.261;7.975;8.262;8.789;9.317;10.155;10.671;11.187;11.704;12.22;13.181;14.142;15.103;16.064;16.529;16.993;17.458;17.923;17.421;16.919;16.417;15.792;15.78;15.766;15.75;15.733;14.351;12.968;11.586;10.203;8.821;7.447;6.129;4.81;3.492;2.174;2.065;1.956;1.847;1.739;1.63;1.521;1.413;1.304;1.195;1.087;0.978;0.869;0.761;0.652;0.543;0.435;0.326;0.217;0.109;0
161;0;0.216;0.431;0.604;0.776;1.359;1.942;2.526;3.109;3.721;4.334;4.711;5.125;5.773;6.429;7.094;7.768;8.031;8.527;9.024;9.821;10.341;10.861;11.381;11.901;12.88;13.859;14.837;15.816;16.288;16.761;17.233;17.705;17.197;16.689;16.181;15.564;15.581;15.596;15.61;15.622;14.25;12.879;11.508;10.136;8.765;7.394;6.062;4.764;3.466;2.168;2.06;1.951;1.843;1.734;1.626;1.518;1.409;1.301;1.192;1.084;0.976;0.867;0.759;0.65;0.542;0.434;0.325;0.217;0.108;0
162;0;0.211;0.421;0.595;0.768;1.322;1.877;2.431;2.986;3.592;4.199;4.617;5.068;5.68;6.3;6.928;7.563;7.801;8.267;8.734;9.489;10.013;10.537;11.06;11.584;12.58;13.577;14.573;15.569;16.049;16.529;17.009;17.489;16.975;16.461;15.947;15.337;15.383;15.427;15.47;15.51;14.15;12.79;11.43;10.07;8.709;7.349;5.995;4.718;3.44;2.162;2.054;1.946;1.838;1.73;1.622;1.514;1.406;1.297;1.189;1.081;0.973;0.865;0.757;0.649;0.541;0.432;0.324;0.216;0.108;0
163;0;0.206;0.412;0.586;0.76;1.286;1.811;2.337;2.862;3.463;4.065;4.524;5.01;5.588;6.172;6.762;7.359;7.573;8.009;8.445;9.16;9.687;10.215;10.742;11.269;12.283;13.297;14.31;15.324;15.811;16.299;16.786;17.274;16.754;16.234;15.714;15.111;15.185;15.258;15.329;15.399;14.05;12.701;11.352;10.003;8.654;7.305;5.956;4.671;3.414;2.157;2.049;1.941;1.833;1.726;1.618;1.51;1.402;1.294;1.186;1.078;0.971;0.863;0.755;0.647;0.539;0.431;0.324;0.216;0.108;0
164;0;0.201;0.402;0.577;0.752;1.249;1.745;2.242;2.738;3.334;3.93;4.43;4.953;5.496;6.045;6.598;7.156;7.347;7.753;8.158;8.833;9.364;9.895;10.426;10.957;11.988;13.018;14.049;15.08;15.575;16.07;16.565;17.06;16.534;16.008;15.482;14.886;14.989;15.09;15.189;15.287;13.949;12.612;11.274;9.936;8.598;7.26;5.922;4.625;3.388;2.151;2.044;1.936;1.829;1.721;1.614;1.506;1.398;1.291;1.183;1.076;0.968;0.861;0.753;0.645;0.538;0.43;0.323;0.215;0.108;0
165;0;0.196;0.392;0.568;0.745;1.212;1.68;2.147;2.615;3.205;3.795;4.336;4.896;5.405;5.918;6.434;6.955;7.122;7.498;7.873;8.508;9.042;9.577;10.111;10.646;11.694;12.742;13.79;14.838;15.34;15.842;16.345;16.847;16.315;15.783;15.252;14.662;14.793;14.922;15.05;15.176;13.849;12.522;11.196;9.869;8.542;7.216;5.889;4.579;3.362;2.146;2.039;1.931;1.824;1.717;1.609;1.502;1.395;1.288;1.18;1.073;0.966;0.858;0.751;0.644;0.536;0.429;0.322;0.215;0.107;0
166;0;0.191;0.382;0.559;0.737;1.176;1.614;2.053;2.491;3.076;3.661;4.242;4.839;5.314;5.791;6.272;6.755;6.899;7.245;7.591;8.185;8.723;9.261;9.799;10.337;11.402;12.467;13.532;14.597;15.107;15.616;16.125;16.635;16.097;15.56;15.022;14.439;14.598;14.754;14.91;15.064;13.749;12.433;11.118;9.802;8.487;7.171;5.855;4.54;3.336;2.14;2.033;1.926;1.819;1.712;1.605;1.498;1.391;1.284;1.177;1.07;0.963;0.856;0.749;0.642;0.535;0.428;0.321;0.214;0.107;0
167;0;0.186;0.372;0.551;0.729;1.139;1.548;1.958;2.368;2.947;3.526;4.148;4.782;5.223;5.665;6.11;6.556;6.677;6.993;7.31;7.865;8.406;8.948;9.489;10.031;11.113;12.194;13.276;14.358;14.874;15.391;15.908;16.424;15.881;15.338;14.795;14.218;14.403;14.587;14.771;14.953;13.649;12.344;11.04;9.735;8.431;7.126;5.822;4.518;3.31;2.135;2.028;1.921;1.815;1.708;1.601;1.494;1.388;1.281;1.174;1.067;0.961;0.854;0.747;0.64;0.534;0.427;0.32;0.213;0.107;0
168;0;0.181;0.362;0.542;0.722;1.102;1.483;1.863;2.244;2.818;3.392;4.055;4.725;5.132;5.54;5.949;6.359;6.457;6.744;7.031;7.547;8.092;8.637;9.182;9.727;10.825;11.923;13.021;14.12;14.643;15.167;15.691;16.215;15.666;15.117;14.568;13.997;14.209;14.421;14.632;14.842;13.548;12.255;10.962;9.668;8.375;7.082;5.789;4.495;3.285;2.129;2.023;1.916;1.81;1.703;1.597;1.491;1.384;1.278;1.171;1.065;0.958;0.852;0.745;0.639;0.532;0.426;0.319;0.213;0.106;0
169;0;0.176;0.352;0.533;0.714;1.066;1.417;1.769;2.121;2.689;3.257;3.961;4.668;5.041;5.415;5.789;6.163;6.238;6.496;6.754;7.231;7.779;8.328;8.876;9.424;10.539;11.654;12.768;13.883;14.414;14.945;15.476;16.006;15.452;14.898;14.343;13.778;14.017;14.255;14.493;14.73;13.448;12.166;10.884;9.602;8.319;7.037;5.755;4.473;3.259;2.124;2.018;1.911;1.805;1.699;1.593;1.487;1.381;1.274;1.168;1.062;0.956;0.85;0.743;0.637;0.531;0.425;0.319;0.212;0.106;0
170;0;0.171;0.342;0.524;0.706;1.029;1.352;1.674;1.997;2.56;3.122;3.867;4.612;4.951;5.29;5.63;5.969;6.021;6.25;6.479;6.918;7.469;8.021;8.573;9.124;10.255;11.386;12.517;13.648;14.186;14.724;15.261;15.799;15.239;14.679;14.119;13.56;13.824;14.089;14.354;14.619;13.348;12.077;10.806;9.535;8.264;6.993;5.722;4.451;3.233;2.118;2.012;1.907;1.801;1.695;1.589;1.483;1.377;1.271;1.165;1.059;0.953;0.847;0.741;0.636;0.53;0.424;0.318;0.212;0.106;0
171;0;0.169;0.338;0.52;0.703;1.015;1.327;1.639;1.951;2.503;3.055;3.823;4.592;4.912;5.233;5.553;5.874;5.925;6.151;6.377;6.808;7.335;7.861;8.387;8.914;9.984;11.054;12.124;13.194;13.734;14.273;14.812;15.351;14.821;14.29;13.76;13.23;13.459;13.688;13.917;14.147;12.915;11.684;10.452;9.22;7.989;6.757;5.526;4.294;3.12;2.042;1.94;1.838;1.736;1.634;1.532;1.43;1.327;1.225;1.123;1.021;0.919;0.817;0.715;0.613;0.511;0.408;0.306;0.204;0.102;0
172;0;0.167;0.333;0.516;0.699;1.001;1.302;1.603;1.904;2.446;2.988;3.78;4.572;4.874;5.176;5.477;5.779;5.829;6.052;6.274;6.699;7.2;7.701;8.202;8.703;9.712;10.722;11.731;12.741;13.282;13.822;14.363;14.903;14.402;13.902;13.401;12.9;13.093;13.287;13.481;13.674;12.482;11.29;10.098;8.906;7.714;6.522;5.33;4.138;3.007;1.966;1.868;1.769;1.671;1.573;1.475;1.376;1.278;1.18;1.081;0.983;0.885;0.786;0.688;0.59;0.492;0.393;0.295;0.197;0.098;0
173;0;0.164;0.329;0.512;0.696;0.987;1.277;1.568;1.858;2.389;2.92;3.736;4.552;4.835;5.118;5.401;5.684;5.733;5.952;6.171;6.59;7.066;7.541;8.017;8.492;9.441;10.39;11.339;12.287;12.829;13.371;13.913;14.455;13.984;13.513;13.041;12.57;12.728;12.886;13.044;13.202;12.05;10.897;9.745;8.592;7.44;6.287;5.135;3.982;2.894;1.89;1.795;1.701;1.606;1.512;1.417;1.323;1.228;1.134;1.039;0.945;0.85;0.756;0.661;0.567;0.472;0.378;0.283;0.189;0.094;0
174;0;0.162;0.324;0.509;0.693;0.973;1.252;1.532;1.812;2.332;2.853;3.693;4.532;4.797;5.061;5.325;5.589;5.637;5.853;6.069;6.481;6.931;7.381;7.831;8.281;9.17;10.058;10.946;11.834;12.377;12.921;13.464;14.007;13.566;13.124;12.682;12.24;12.362;12.485;12.607;12.73;11.617;10.504;9.391;8.278;7.165;6.052;4.939;3.826;2.781;1.814;1.723;1.632;1.542;1.451;1.36;1.27;1.179;1.088;0.998;0.907;0.816;0.726;0.635;0.544;0.453;0.363;0.272;0.181;0.091;0
175;0;0.16;0.32;0.505;0.69;0.958;1.227;1.496;1.765;2.276;2.786;3.649;4.512;4.758;5.003;5.249;5.494;5.541;5.754;5.966;6.372;6.796;7.221;7.646;8.071;8.898;9.726;10.553;11.381;11.925;12.47;13.015;13.56;13.147;12.735;12.322;11.91;11.997;12.084;12.171;12.258;11.184;10.111;9.037;7.964;6.89;5.817;4.743;3.67;2.668;1.738;1.651;1.564;1.477;1.39;1.303;1.216;1.13;1.043;0.956;0.869;0.782;0.695;0.608;0.521;0.434;0.348;0.261;0.174;0.087;0
176;0;0.158;0.316;0.501;0.686;0.944;1.203;1.461;1.719;2.219;2.719;3.606;4.493;4.719;4.946;5.173;5.4;5.445;5.654;5.863;6.262;6.662;7.061;7.461;7.86;8.627;9.393;10.16;10.927;11.473;12.019;12.565;13.112;12.729;12.346;11.963;11.58;11.632;11.683;11.734;11.785;10.751;9.717;8.683;7.649;6.615;5.581;4.547;3.513;2.555;1.662;1.578;1.495;1.412;1.329;1.246;1.163;1.08;0.997;0.914;0.831;0.748;0.665;0.582;0.498;0.415;0.332;0.249;0.166;0.083;0
177;0;0.156;0.311;0.497;0.683;0.93;1.178;1.425;1.673;2.162;2.651;3.562;4.473;4.681;4.889;5.097;5.305;5.349;5.555;5.761;6.153;6.527;6.901;7.275;7.649;8.355;9.061;9.768;10.474;11.021;11.569;12.116;12.664;12.31;11.957;11.604;11.25;11.266;11.282;11.298;11.313;10.319;9.324;8.33;7.335;6.341;5.346;4.352;3.357;2.443;1.585;1.506;1.427;1.348;1.268;1.189;1.11;1.031;0.951;0.872;0.793;0.713;0.634;0.555;0.476;0.396;0.317;0.238;0.159;0.079;0
178;0;0.153;0.307;0.493;0.68;0.916;1.153;1.39;1.626;2.105;2.584;3.518;4.453;4.642;4.831;5.021;5.21;5.253;5.456;5.658;6.044;6.393;6.741;7.09;7.438;8.084;8.729;9.375;10.02;10.569;11.118;11.667;12.216;11.892;11.568;11.244;10.92;10.901;10.881;10.861;10.841;9.886;8.931;7.976;7.021;6.066;5.111;4.156;3.201;2.33;1.509;1.434;1.358;1.283;1.207;1.132;1.057;0.981;0.906;0.83;0.755;0.679;0.604;0.528;0.453;0.377;0.302;0.226;0.151;0.075;0
179;0;0.151;0.302;0.489;0.676;0.902;1.128;1.354;1.58;2.048;2.517;3.475;4.433;4.604;4.774;4.944;5.115;5.157;5.357;5.556;5.935;6.258;6.581;6.904;7.228;7.812;8.397;8.982;9.567;10.117;10.667;11.218;11.768;11.473;11.179;10.885;10.591;10.535;10.48;10.424;10.369;9.453;8.538;7.622;6.707;5.791;4.876;3.96;3.047;2.217;1.433;1.362;1.29;1.218;1.147;1.075;1.003;0.932;0.86;0.788;0.717;0.645;0.573;0.502;0.43;0.358;0.287;0.215;0.143;0.072;0
180;0;0.149;0.298;0.485;0.673;0.888;1.103;1.318;1.534;1.991;2.449;3.431;4.413;4.565;4.717;4.868;5.02;5.061;5.257;5.453;5.825;6.123;6.421;6.719;7.017;7.541;8.065;8.589;9.113;9.665;10.217;10.768;11.32;11.055;10.79;10.525;10.261;10.17;10.079;9.988;9.897;9.021;8.145;7.269;6.393;5.517;4.64;3.764;2.899;2.104;1.357;1.289;1.221;1.154;1.086;1.018;0.95;0.882;0.814;0.746;0.679;0.611;0.543;0.475;0.407;0.339;0.271;0.204;0.136;0.068;0