TWA/TWS;4;6;8;10;12;14;16;20;24
0;0;0;0;0;0;0;0;0;0
40;0;0;0;0;0;0;0;0;0
50;3.06;4.25;5.06;5.58;5.88;6.01;6.07;6.11;6.10
55;3.26;4.45;5.26;5.74;6.02;6.16;6.22;6.27;6.27
60;3.41;4.61;5.40;5.85;6.11;6.26;6.33;6.39;6.41
70;3.50;4.71;5.50;5.94;6.19;6.37;6.48;6.60;6.66
80;3.51;4.73;5.55;6.01;6.27;6.45;6.59;6.79;6.91
90;3.43;4.66;5.55;6.07;6.34;6.50;6.67;6.97;7.16
100;3.40;4.67;5.59;6.11;6.40;6.62;6.83;7.14;7.35
110;3.36;4.67;5.62;6.14;6.46;6.75;6.99;7.32;7.55
120;3.22;4.49;5.46;6.05;6.41;6.71;7.00;7.55;7.92
130;2.94;4.18;5.16;5.85;6.27;6.57;6.87;7.49;8.09
140;2.64;3.82;4.80;5.57;6.07;6.41;6.71;7.34;8.03
150;2.31;3.42;4.39;5.21;5.83;6.22;6.51;7.11;7.76
160;2.20;3.26;4.19;4.98;5.61;6.04;6.37;6.96;7.57
170;2.09;3.11;4.00;4.76;5.39;5.86;6.22;6.80;7.38
180;1.98;2.95;3.80;4.53;5.17;5.68;6.07;6.65;7.19