TWA;4;6;8;10;12;14;16;20;24
0;0.00;0.00;0.00;0.00;0.00;0.00;0.00;0.00;0.00
52;4.91;6.77;7.70;8.02;8.19;8.34;8.50;8.71;8.84
60;5.31;7.14;7.96;8.28;8.49;8.66;8.83;9.06;9.21
75;5.64;7.38;8.21;8.65;8.95;9.21;9.46;9.83;10.11
90;5.50;7.57;8.44;9.01;9.47;9.84;10.21;10.82;11.34
110;4.90;7.69;8.67;9.36;9.95;10.55;11.15;12.24;13.05
120;4.72;7.48;8.65;9.40;10.06;10.77;11.48;12.80;13.85
135;4.22;6.53;7.92;8.70;9.52;10.57;11.62;13.61;15.66
150;3.49;5.09;6.46;7.61;8.54;9.48;10.42;13.21;16.87
180;2.12;3.18;4.25;5.28;6.26;7.08;7.90;9.10;10.34