TWA/TWS;0;1;2;3;4;5;6;7;8;9;10;11;12;13;14;15;16;17;18;19;20;21;22;23;24;25;26;27;28;29;30;31;32;33;34;35;36;37;38;39;40;80
0;0;0;0;0;0;0;0;0;0;0;0;0;0;0;0;0;0;0;0;0;0;0;0;0;0;0;0;0;0;0;0;0;0;0;0;0;0;0;0;0;0;0
1;0;0,008;0,017;0,025;0,034;0,042;0,051;0,059;0,068;0,076;0,084;0,093;0,101;0,11;0,114;0,118;0,123;0,127;0,132;0,133;0,134;0,136;0,137;0,139;0,136;0,134;0,131;0,129;0,127;0,124;0,121;0,118;0,115;0,112;0,109;0,106;0,104;0,102;0,1;0,098;0,097;0,0582
2;0;0,017;0,034;0,051;0,068;0,085;0,102;0,119;0,136;0,152;0,169;0,186;0,203;0,22;0,229;0,238;0,247;0,256;0,265;0,267;0,27;0,273;0,276;0,279;0,274;0,269;0,264;0,259;0,254;0,248;0,242;0,236;0,23;0,224;0,218;0,213;0,209;0,205;0,201;0,197;0,194;0,1164
3;0;0,025;0,051;0,076;0,102;0,127;0,153;0,178;0,204;0,229;0,254;0,28;0,305;0,331;0,344;0,357;0,371;0,384;0,398;0,402;0,406;0,41;0,414;0,419;0,411;0,403;0,396;0,388;0,381;0,372;0,363;0,354;0,346;0,337;0,328;0,32;0,314;0,308;0,303;0,297;0,292;0,1752
4;0;0,034;0,068;0,102;0,136;0,17;0,204;0,238;0,272;0,305;0,339;0,373;0,407;0,441;0,459;0,477;0,495;0,513;0,531;0,536;0,542;0,547;0,553;0,559;0,548;0,538;0,528;0,518;0,508;0,496;0,484;0,473;0,461;0,45;0,438;0,427;0,419;0,411;0,404;0,396;0,389;0,2334
5;0;0,042;0,085;0,127;0,17;0,212;0,255;0,297;0,34;0,382;0,424;0,466;0,508;0,551;0,573;0,596;0,618;0,641;0,664;0,671;0,678;0,685;0,692;0,699;0,686;0,673;0,66;0,647;0,635;0,62;0,606;0,591;0,577;0,562;0,548;0,534;0,524;0,515;0,505;0,496;0,487;0,2922
6;0;0,051;0,102;0,153;0,204;0,255;0,306;0,357;0,408;0,458;0,509;0,56;0,611;0,662;0,689;0,716;0,743;0,77;0,797;0,805;0,813;0,822;0,83;0,839;0,823;0,808;0,792;0,777;0,762;0,744;0,727;0,71;0,692;0,675;0,658;0,641;0,629;0,618;0,606;0,595;0,584;0,3504
7;0;0,059;0,119;0,178;0,238;0,297;0,357;0,416;0,476;0,535;0,594;0,653;0,712;0,772;0,803;0,835;0,866;0,898;0,93;0,939;0,949;0,959;0,969;0,979;0,961;0,943;0,925;0,907;0,889;0,868;0,848;0,828;0,808;0,788;0,768;0,748;0,734;0,721;0,708;0,695;0,682;0,4092
8;0;0,068;0,136;0,204;0,272;0,34;0,408;0,476;0,544;0,611;0,679;0,747;0,815;0,883;0,919;0,955;0,991;1,027;1,063;1,074;1,085;1,096;1,107;1,119;1,098;1,077;1,057;1,036;1,016;0,993;0,97;0,947;0,924;0,901;0,878;0,855;0,839;0,824;0,809;0,794;0,779;0,4674
9;0;0,076;0,153;0,229;0,306;0,383;0,459;0,536;0,613;0,689;0,765;0,841;0,917;0,993;1,033;1,074;1,114;1,155;1,196;1,208;1,221;1,233;1,246;1,259;1,235;1,212;1,189;1,166;1,143;1,117;1,091;1,065;1,039;1,013;0,987;0,962;0,945;0,928;0,911;0,894;0,877;0,5262
10;0;0,085;0,17;0,255;0,34;0,425;0,51;0,595;0,681;0,765;0,849;0,934;1,018;1,103;1,148;1,193;1,238;1,283;1,329;1,343;1,357;1,371;1,385;1,399;1,373;1,347;1,321;1,295;1,27;1,241;1,212;1,183;1,155;1,126;1,097;1,069;1,05;1,031;1,012;0,993;0,974;0,5844
11;0;0,093;0,187;0,28;0,374;0,468;0,561;0,655;0,749;0,842;0,935;1,028;1,121;1,214;1,263;1,313;1,362;1,412;1,462;1,477;1,492;1,508;1,523;1,539;1,51;1,482;1,453;1,425;1,397;1,365;1,333;1,302;1,27;1,239;1,207;1,176;1,155;1,134;1,113;1,092;1,072;0,6432
12;0;0,102;0,204;0,306;0,408;0,51;0,612;0,714;0,817;0,918;1,019;1,121;1,222;1,324;1,378;1,432;1,486;1,54;1,595;1,611;1,628;1,645;1,662;1,679;1,648;1,617;1,586;1,555;1,524;1,489;1,455;1,42;1,386;1,351;1,317;1,283;1,26;1,237;1,214;1,191;1,169;0,7014
13;0;0,11;0,221;0,331;0,442;0,553;0,663;0,774;0,885;0,994;1,104;1,214;1,324;1,434;1,492;1,551;1,61;1,669;1,728;1,746;1,764;1,782;1,8;1,819;1,785;1,751;1,718;1,684;1,651;1,613;1,576;1,539;1,501;1,464;1,427;1,39;1,365;1,34;1,316;1,291;1,267;0,7602
14;0;0,119;0,238;0,357;0,476;0,595;0,714;0,833;0,953;1,071;1,189;1,308;1,426;1,545;1,608;1,671;1,734;1,797;1,861;1,88;1,9;1,919;1,939;1,959;1,922;1,886;1,85;1,814;1,778;1,737;1,697;1,657;1,617;1,577;1,537;1,497;1,47;1,443;1,417;1,39;1,364;0,8184
15;0;0,127;0,255;0,382;0,51;0,638;0,765;0,893;1,021;1,147;1,274;1,401;1,528;1,655;1,722;1,79;1,857;1,925;1,993;2,014;2,035;2,056;2,077;2,099;2,06;2,021;1,982;1,943;1,905;1,862;1,819;1,776;1,733;1,69;1,647;1,604;1,575;1,547;1,518;1,49;1,462;0,8772
16;0;0,136;0,272;0,408;0,544;0,68;0,816;0,952;1,089;1,224;1,359;1,495;1,63;1,766;1,838;1,91;1,982;2,054;2,126;2,148;2,171;2,193;2,216;2,239;2,197;2,156;2,114;2,073;2,032;1,986;1,94;1,894;1,848;1,802;1,756;1,711;1,68;1,65;1,619;1,589;1,559;0,9354
17;0;0,144;0,289;0,434;0,579;0,723;0,868;1,013;1,158;1,301;1,445;1,588;1,732;1,876;1,952;2,029;2,105;2,182;2,259;2,283;2,307;2,331;2,355;2,379;2,335;2,291;2,247;2,203;2,159;2,11;2,061;2,012;1,964;1,915;1,866;1,818;1,785;1,753;1,721;1,689;1,657;0,9942
18;0;0,153;0,306;0,459;0,613;0,766;0,919;1,072;1,226;1,378;1,53;1,682;1,834;1,986;2,067;2,148;2,229;2,31;2,392;2,417;2,442;2,468;2,493;2,519;2,472;2,425;2,379;2,332;2,286;2,234;2,182;2,131;2,079;2,028;1,976;1,925;1,89;1,856;1,822;1,788;1,754;1,0524
19;0;0,161;0,323;0,485;0,647;0,808;0,97;1,132;1,294;1,454;1,615;1,775;1,936;2,097;2,182;2,268;2,353;2,439;2,525;2,551;2,578;2,605;2,632;2,659;2,609;2,56;2,511;2,462;2,413;2,358;2,304;2,249;2,195;2,14;2,086;2,032;1,996;1,96;1,924;1,888;1,852;1,1112
20;0;0,17;0,34;0,51;0,681;0,851;1,021;1,191;1,362;1,531;1,7;1,869;2,038;2,207;2,297;2,387;2,477;2,567;2,658;2,686;2,714;2,742;2,77;2,799;2,747;2,695;2,643;2,591;2,54;2,482;2,425;2,368;2,31;2,253;2,196;2,139;2,101;2,063;2,025;1,987;1,949;1,1694
21;0;0,178;0,357;0,536;0,715;0,893;1,072;1,251;1,43;1,607;1,785;1,962;2,14;2,318;2,412;2,507;2,601;2,696;2,791;2,82;2,85;2,879;2,909;2,939;2,884;2,83;2,775;2,721;2,667;2,606;2,546;2,486;2,426;2,366;2,306;2,246;2,206;2,166;2,126;2,086;2,047;1,2282
22;0;0,187;0,374;0,561;0,749;0,936;1,123;1,31;1,498;1,684;1,87;2,056;2,242;2,428;2,527;2,626;2,725;2,824;2,924;2,955;2,986;3,017;3,048;3,079;3,022;2,965;2,908;2,851;2,794;2,731;2,668;2,605;2,542;2,479;2,416;2,353;2,311;2,269;2,227;2,185;2,144;1,2864
23;0;0,195;0,391;0,587;0,783;0,978;1,174;1,37;1,566;1,76;1,954;2,149;2,343;2,538;2,641;2,745;2,849;2,953;3,057;3,089;3,121;3,154;3,186;3,219;3,159;3,099;3,04;2,98;2,921;2,855;2,789;2,723;2,657;2,591;2,525;2,46;2,416;2,372;2,329;2,285;2,242;1,3452
24;0;0,204;0,408;0,612;0,817;1,021;1,225;1,429;1,634;1,837;2,04;2,243;2,446;2,649;2,757;2,865;2,973;3,081;3,19;3,223;3,257;3,291;3,325;3,359;3,297;3,235;3,173;3,111;3,049;2,98;2,911;2,842;2,773;2,704;2,635;2,567;2,521;2,475;2,43;2,384;2,339;1,4034
25;0;0,212;0,425;0,638;0,851;1,064;1,277;1,49;1,703;1,914;2,125;2,336;2,547;2,759;2,871;2,984;3,097;3,21;3,323;3,358;3,393;3,428;3,463;3,499;3,434;3,369;3,305;3,24;3,176;3,104;3,032;2,96;2,889;2,817;2,745;2,674;2,626;2,579;2,531;2,484;2,437;1,4622
26;0;0,221;0,442;0,664;0,885;1,106;1,328;1,549;1,771;1,99;2,21;2,429;2,649;2,869;2,986;3,103;3,221;3,338;3,456;3,492;3,529;3,565;3,602;3,639;3,571;3,504;3,437;3,37;3,303;3,228;3,153;3,079;3,004;2,93;2,855;2,781;2,731;2,682;2,632;2,583;2,534;1,5204
27;0;0,229;0,459;0,689;0,919;1,149;1,379;1,609;1,839;2,067;2,295;2,523;2,751;2,98;3,101;3,223;3,345;3,467;3,589;3,627;3,665;3,703;3,741;3,779;3,709;3,639;3,569;3,499;3,43;3,352;3,275;3,197;3,12;3,042;2,965;2,888;2,836;2,785;2,734;2,683;2,632;1,5792
28;0;0,238;0,476;0,715;0,953;1,191;1,43;1,668;1,907;2,143;2,38;2,616;2,853;3,09;3,216;3,342;3,469;3,595;3,722;3,761;3,8;3,84;3,879;3,919;3,846;3,774;3,701;3,629;3,557;3,476;3,396;3,316;3,235;3,155;3,075;2,995;2,941;2,888;2,835;2,782;2,729;1,6374
29;0;0,246;0,493;0,74;0,987;1,234;1,481;1,728;1,975;2,22;2,465;2,71;2,955;3,201;3,331;3,462;3,592;3,723;3,854;3,895;3,936;3,977;4,018;4,059;3,984;3,909;3,834;3,759;3,684;3,6;3,517;3,434;3,351;3,268;3,185;3,102;3,047;2,992;2,937;2,882;2,827;1,6962
30;0;0,255;0,51;0,766;1,021;1,276;1,532;1,787;2,043;2,296;2,55;2,803;3,057;3,311;3,446;3,581;3,716;3,851;3,987;4,029;4,071;4,114;4,156;4,199;4,121;4,043;3,966;3,888;3,811;3,725;3,639;3,553;3,467;3,381;3,295;3,209;3,152;3,095;3,038;2,981;2,924;1,7544
31;0;0,263;0,527;0,791;1,055;1,319;1,583;1,847;2,111;2,373;2,635;2,897;3,159;3,421;3,56;3,7;3,84;3,98;4,12;4,163;4,207;4,251;4,295;4,339;4,258;4,178;4,098;4,018;3,938;3,849;3,76;3,671;3,582;3,493;3,404;3,316;3,257;3,198;3,139;3,08;3,022;1,8132
32;0;0,272;0,544;0,817;1,089;1,361;1,634;1,906;2,179;2,449;2,72;2,99;3,261;3,532;3,676;3,82;3,964;4,108;4,253;4,298;4,343;4,388;4,433;4,479;4,396;4,313;4,23;4,147;4,065;3,973;3,881;3,789;3,698;3,606;3,514;3,423;3,362;3,301;3,24;3,179;3,119;1,8714
33;0;0,28;0,561;0,842;1,123;1,404;1,685;1,966;2,247;2,526;2,805;3,084;3,363;3,642;3,79;3,939;4,088;4,237;4,386;4,432;4,479;4,525;4,572;4,619;4,533;4,448;4,362;4,277;4,192;4,097;4,002;3,908;3,813;3,719;3,624;3,53;3,467;3,404;3,342;3,279;3,217;1,9302
34;0;0,289;0,579;0,868;1,158;1,447;1,737;2,026;2,316;2,603;2,89;3,177;3,464;3,752;3,905;4,058;4,212;4,365;4,519;4,567;4,615;4,663;4,711;4,759;4,671;4,583;4,495;4,407;4,319;4,221;4,124;4,026;3,929;3,831;3,734;3,637;3,572;3,507;3,443;3,378;3,314;1,9884
35;0;0,298;0,596;0,894;1,192;1,49;1,788;2,086;2,384;2,679;2,975;3,271;3,567;3,863;4,02;4,178;4,336;4,494;4,652;4,701;4,75;4,8;4,849;4,899;4,808;4,717;4,627;4,536;4,446;4,345;4,245;4,145;4,044;3,944;3,844;3,744;3,677;3,611;3,544;3,478;3,412;2,0472
36;0;0,357;0,715;1,073;1,431;1,789;2,147;2,505;2,863;3,217;3,572;3,927;4,282;4,637;4,826;5,015;5,205;5,394;5,584;5,643;5,702;5,762;5,821;5,881;5,772;5,663;5,554;5,445;5,336;5,215;5,095;4,974;4,854;4,733;4,613;4,493;4,413;4,334;4,254;4,175;4,096;2,4576
37;0;0,417;0,835;1,253;1,671;2,088;2,506;2,924;3,342;3,755;4,169;4,582;4,996;5,41;5,631;5,852;6,073;6,294;6,516;6,585;6,654;6,724;6,793;6,863;6,735;6,608;6,48;6,353;6,226;6,085;5,944;5,804;5,663;5,523;5,382;5,242;5,149;5,057;4,965;4,873;4,781;2,8686
38;0;0,477;0,955;1,432;1,91;2,388;2,865;3,343;3,821;4,293;4,766;5,238;5,711;6,184;6,436;6,689;6,941;7,194;7,447;7,526;7,606;7,685;7,765;7,845;7,699;7,553;7,407;7,261;7,116;6,955;6,794;6,633;6,473;6,312;6,151;5,991;5,885;5,78;5,675;5,57;5,465;3,279
39;0;0,537;1,075;1,612;2,15;2,687;3,225;3,762;4,3;4,831;5,363;5,894;6,426;6,958;7,242;7,526;7,81;8,094;8,379;8,468;8,558;8,647;8,737;8,827;8,663;8,499;8,335;8,171;8,007;7,826;7,645;7,464;7,283;7,102;6,921;6,74;6,622;6,504;6,386;6,268;6,15;3,69
40;0;0,597;1,194;1,792;2,389;2,986;3,584;4,181;4,779;5,369;5,96;6,55;7,141;7,732;8,047;8,363;8,679;8,995;9,311;9,41;9,51;9,609;9,709;9,809;9,626;9,444;9,261;9,079;8,897;8,695;8,494;8,293;8,092;7,891;7,69;7,489;7,358;7,227;7,096;6,965;6,835;4,101
41;0;0,657;1,314;1,971;2,628;3,285;3,942;4,599;5,256;5,905;6,555;7,205;7,855;8,505;8,852;9,199;9,546;9,893;10,241;10,35;10,459;10,569;10,678;10,788;10,587;10,387;10,187;9,987;9,787;9,565;9,344;9,123;8,901;8,68;8,459;8,238;8,093;7,948;7,804;7,659;7,515;4,509
42;0;0,716;1,433;2,15;2,867;3,583;4,3;5,017;5,734;6,443;7,152;7,861;8,57;9,279;9,657;10,035;10,414;10,792;11,171;11,29;11,409;11,528;11,647;11,767;11,549;11,331;11,113;10,895;10,678;10,436;10,194;9,953;9,711;9,47;9,228;8,987;8,828;8,67;8,511;8,353;8,195;4,917
43;0;0,776;1,553;2,329;3,106;3,882;4,659;5,435;6,212;6,98;7,748;8,516;9,284;10,052;10,461;10,871;11,281;11,691;12,101;12,23;12,359;12,488;12,617;12,746;12,51;12,275;12,039;11,804;11,569;11,307;11,045;10,783;10,521;10,259;9,997;9,736;9,563;9,391;9,219;9,047;8,875;5,325
44;0;0,836;1,672;2,508;3,344;4,18;5,016;5,852;6,689;7,516;8,343;9,171;9,998;10,826;11,267;11,708;12,149;12,59;13,031;13,169;13,308;13,447;13,586;13,725;13,471;13,218;12,965;12,712;12,459;12,177;11,895;11,613;11,331;11,049;10,767;10,485;10,299;10,113;9,927;9,741;9,556;5,7336
45;0;0,895;1,791;2,687;3,583;4,479;5,375;6,271;7,167;8,053;8,94;9,826;10,713;11,6;12,072;12,544;13,016;13,488;13,961;14,109;14,258;14,406;14,555;14,704;14,433;14,162;13,891;13,62;13,35;13,047;12,745;12,443;12,14;11,838;11,536;11,234;11,034;10,834;10,635;10,435;10,236;6,1416
46;0;0,955;1,911;2,867;3,823;4,778;5,734;6,69;7,646;8,591;9,536;10,482;11,427;12,373;12,876;13,38;13,883;14,387;14,891;15,049;15,208;15,366;15,525;15,684;15,391;15,099;14,807;14,515;14,223;13,897;13,572;13,247;12,921;12,596;12,271;11,946;11,74;11,535;11,33;11,125;10,92;6,552
47;0;1,015;2,031;3,046;4,062;5,078;6,093;7,109;8,125;9,129;10,133;11,138;12,142;13,147;13,681;14,216;14,75;15,285;15,82;15,988;16,157;16,326;16,495;16,664;16,35;16,037;15,723;15,41;15,097;14,748;14,4;14,052;13,703;13,355;13,007;12,659;12,448;12,237;12,026;11,815;11,605;6,963
48;0;1,075;2,151;3,226;4,302;5,377;6,453;7,528;8,604;9,667;10,73;11,793;12,856;13,92;14,485;15,051;15,617;16,183;16,749;16,928;17,107;17,286;17,465;17,645;17,31;16,975;16,64;16,305;15,97;15,598;15,227;14,856;14,484;14,113;13,742;13,371;13,154;12,938;12,722;12,506;12,29;7,374
49;0;1,135;2,27;3,406;4,541;5,676;6,812;7,947;9,083;10,205;11,327;12,449;13,571;14,694;15,29;15,887;16,484;17,081;17,678;17,867;18,056;18,246;18,435;18,625;18,268;17,912;17,555;17,199;16,843;16,448;16,054;15,66;15,266;14,872;14,478;14,084;13,862;13,64;13,418;13,196;12,974;7,7844
50;0;1,195;2,39;3,585;4,781;5,976;7,171;8,366;9,562;10,743;11,924;13,105;14,286;15,467;16,095;16,723;17,351;17,979;18,607;18,806;19,006;19,205;19,405;19,605;19,227;18,849;18,472;18,094;17,717;17,299;16,882;16,465;16,047;15,63;15,213;14,796;14,568;14,341;14,113;13,886;13,659;8,1954
51;0;1,22;2,441;3,661;4,882;6,102;7,323;8,543;9,764;10,972;12,18;13,388;14,596;15,804;16,451;17,099;17,747;18,395;19,043;19,25;19,457;19,664;19,871;20,078;19,691;19,304;18,917;18,53;18,144;17,717;17,291;16,865;16,439;16,013;15,587;15,161;14,928;14,696;14,464;14,232;14;8,4
52;0;1,245;2,491;3,737;4,983;6,228;7,474;8,72;9,966;11,201;12,436;13,671;14,906;16,141;16,808;17,476;18,143;18,811;19,479;19,693;19,907;20,121;20,335;20,55;20,154;19,758;19,362;18,966;18,571;18,136;17,701;17,266;16,831;16,396;15,961;15,526;15,289;15,052;14,815;14,578;14,341;8,6046
53;0;1,27;2,541;3,812;5,083;6,354;7,625;8,896;10,167;11,429;12,691;13,953;15,215;16,478;17,165;17,852;18,539;19,226;19,914;20,135;20,357;20,578;20,8;21,022;20,617;20,212;19,807;19,402;18,998;18,554;18,11;17,666;17,222;16,778;16,334;15,891;15,649;15,407;15,165;14,923;14,682;8,8092
54;0;1,296;2,592;3,888;5,184;6,48;7,776;9,072;10,369;11,658;12,947;14,236;15,525;16,815;17,522;18,229;18,936;19,643;20,35;20,579;20,808;21,037;21,266;21,495;21,081;20,667;20,253;19,839;19,425;18,972;18,519;18,066;17,613;17,16;16,707;16,255;16,008;15,762;15,516;15,27;15,024;9,0144
55;0;1,321;2,642;3,964;5,285;6,606;7,928;9,249;10,571;11,887;13,203;14,519;15,835;17,151;17,878;18,605;19,332;20,059;20,786;21,022;21,258;21,494;21,73;21,967;21,544;21,121;20,698;20,275;19,852;19,39;18,928;18,466;18,005;17,543;17,081;16,62;16,369;16,118;15,867;15,616;15,365;9,219
56;0;1,346;2,693;4,039;5,386;6,732;8,079;9,425;10,772;12,115;13,458;14,801;16,144;17,488;18,234;18,981;19,727;20,474;21,221;21,464;21,708;21,951;22,195;22,439;22,007;21,575;21,143;20,711;20,279;19,808;19,337;18,867;18,396;17,926;17,455;16,985;16,729;16,473;16,217;15,961;15,706;9,4236
57;0;1,371;2,743;4,115;5,487;6,858;8,23;9,602;10,974;12,344;13,714;15,084;16,454;17,825;18,591;19,357;20,124;20,89;21,657;21,908;22,159;22,41;22,661;22,912;22,47;22,029;21,588;21,147;20,706;20,226;19,747;19,267;18,788;18,308;17,829;17,35;17,089;16,828;16,568;16,307;16,047;9,6282
58;0;1,397;2,794;4,191;5,588;6,985;8,382;9,779;11,176;12,573;13,97;15,367;16,764;18,162;18,948;19,734;20,52;21,306;22,093;22,351;22,609;22,867;23,125;23,384;22,933;22,483;22,033;21,583;21,133;20,644;20,156;19,668;19,179;18,691;18,203;17,715;17,449;17,184;16,919;16,654;16,389;9,8334
59;0;1,422;2,844;4,266;5,689;7,111;8,533;9,955;11,378;12,802;14,226;15,65;17,074;18,499;19,304;20,11;20,916;21,722;22,528;22,793;23,059;23,324;23,59;23,856;23,396;22,937;22,478;22,019;21,56;21,062;20,565;20,068;19,571;19,074;18,577;18,08;17,81;17,54;17,27;17;16,73;10,038
60;0;1,447;2,894;4,342;5,789;7,236;8,684;10,131;11,579;13,03;14,481;15,932;17,383;18,835;19,66;20,486;21,312;22,138;22,964;23,237;23,51;23,783;24,056;24,329;23,86;23,392;22,923;22,455;21,987;21,48;20,974;20,468;19,962;19,456;18,95;18,444;18,169;17,894;17,62;17,345;17,071;10,2426
61;0;1,462;2,925;4,388;5,851;7,314;8,777;10,24;11,703;13,188;14,674;16,16;17,646;19,132;19,975;20,819;21,662;22,506;23,35;23,633;23,917;24,201;24,485;24,769;24,295;23,822;23,348;22,875;22,402;21,878;21,354;20,831;20,307;19,784;19,26;18,737;18,449;18,161;17,873;17,585;17,297;10,3782
62;0;1,478;2,956;4,435;5,913;7,391;8,87;10,348;11,827;13,347;14,867;16,387;17,907;19,428;20,289;21,151;22,012;22,874;23,736;24,03;24,325;24,619;24,914;25,209;24,73;24,252;23,773;23,295;22,817;22,276;21,735;21,194;20,653;20,112;19,571;19,03;18,728;18,427;18,126;17,825;17,524;10,5144
63;0;1,493;2,987;4,481;5,975;7,468;8,962;10,456;11,95;13,504;15,059;16,614;18,169;19,724;20,603;21,482;22,362;23,241;24,121;24,426;24,731;25,037;25,342;25,648;25,164;24,681;24,198;23,715;23,232;22,673;22,115;21,556;20,998;20,439;19,881;19,323;19,008;18,693;18,379;18,064;17,75;10,65
64;0;1,509;3,018;4,527;6,037;7,546;9,055;10,564;12,074;13,663;15,252;16,841;18,43;20,02;20,917;21,814;22,712;23,609;24,507;24,823;25,139;25,455;25,771;26,088;25,599;25,111;24,623;24,135;23,647;23,071;22,495;21,919;21,343;20,767;20,191;19,616;19,288;18,96;18,632;18,304;17,977;10,7862
65;0;1,524;3,049;4,574;6,099;7,623;9,148;10,673;12,198;13,821;15,445;17,068;18,692;20,316;21,231;22,146;23,062;23,977;24,893;25,22;25,547;25,874;26,201;26,528;26,034;25,541;25,048;24,555;24,062;23,468;22,875;22,282;21,688;21,095;20,502;19,909;19,567;19,226;18,885;18,544;18,203;10,9218
66;0;1,556;3,112;4,669;6,225;7,781;9,338;10,894;12,451;13,979;15,637;17,295;18,953;20,612;21,545;22,478;23,412;24,345;25,279;25,616;25,954;26,292;26,63;26,968;26,469;25,971;25,472;24,974;24,476;23,865;23,254;22,644;22,033;21,423;20,812;20,202;19,847;19,492;19,138;18,783;18,429;11,0574
67;0;1,589;3,179;4,769;6,359;7,948;9,538;11,128;12,718;14,137;15,83;17,522;19,215;20,908;21,859;22,81;23,762;24,713;25,665;26,013;26,362;26,71;27,059;27,408;26,904;26,401;25,897;25,394;24,891;24,263;23,635;23,007;22,379;21,751;21,123;20,495;20,127;19,759;19,391;19,023;18,656;11,1936
68;0;1,623;3,246;4,869;6,492;8,115;9,738;11,361;12,985;14,296;16,023;17,75;19,477;21,204;22,173;23,142;24,112;25,081;26,051;26,41;26,769;27,129;27,488;27,848;27,339;26,831;26,322;25,814;25,306;24,66;24,015;23,369;22,724;22,078;21,433;20,788;20,406;20,025;19,644;19,263;18,882;11,3292
69;0;1,656;3,313;4,969;6,626;8,282;9,939;11,595;13,252;14,528;16,215;17,977;19,738;21,5;22,487;23,474;24,462;25,449;26,437;26,807;27,177;27,547;27,917;28,288;27,774;27,261;26,747;26,234;25,721;25,058;24,395;23,732;23,069;22,406;21,743;21,081;20,686;20,292;19,897;19,503;19,109;11,4654
70;0;1,689;3,379;5,069;6,759;8,449;10,139;11,829;13,519;14,82;16,408;18,204;20;21,796;22,801;23,806;24,811;25,816;26,822;27,203;27,584;27,965;28,346;28,728;28,209;27,691;27,172;26,654;26,136;25,455;24,775;24,095;23,414;22,734;22,054;21,374;20,966;20,558;20,15;19,742;19,335;11,601
71;0;1,716;3,433;5,149;6,866;8,583;10,299;12,016;13,733;15,069;16,548;18,353;20,158;21,964;23;24,036;25,072;26,108;27,144;27,535;27,927;28,319;28,711;29,103;28,588;28,074;27,56;27,046;26,532;25,846;25,161;24,475;23,79;23,104;22,419;21,734;21,316;20,898;20,48;20,062;19,645;11,787
72;0;1,743;3,487;5,23;6,974;8,717;10,461;12,204;13,948;15,32;16,692;18,502;20,317;22,132;23,198;24,265;25,331;26,398;27,465;27,867;28,27;28,672;29,075;29,478;28,968;28,458;27,948;27,438;26,929;26,238;25,547;24,857;24,166;23,476;22,785;22,095;21,667;21,239;20,811;20,383;19,955;11,973
73;0;1,77;3,54;5,31;7,081;8,851;10,621;12,391;14,162;15,569;16,976;18,651;20,475;22,299;23,396;24,494;25,591;26,689;27,787;28,2;28,613;29,026;29,439;29,853;29,347;28,841;28,336;27,83;27,325;26,629;25,933;25,237;24,542;23,846;23,15;22,455;22,017;21,579;21,141;20,703;20,265;12,159
74;0;1,797;3,594;5,391;7,188;8,985;10,782;12,579;14,376;15,818;17,261;18,801;20,634;22,467;23,595;24,723;25,851;26,979;28,108;28,532;28,956;29,38;29,804;30,228;29,726;29,225;28,724;28,223;27,722;27,021;26,32;25,619;24,918;24,217;23,516;22,816;22,367;21,919;21,471;21,023;20,575;12,345
75;0;1,823;3,647;5,471;7,295;9,118;10,942;12,766;14,59;16,068;17,546;19,024;20,792;22,635;23,794;24,953;26,112;27,271;28,43;28,864;29,299;29,734;30,169;30,604;30,107;29,61;29,113;28,616;28,119;27,412;26,706;26;25,294;24,588;23,882;23,176;22,717;22,259;21,801;21,343;20,885;12,531
76;0;1,85;3,701;5,551;7,402;9,252;11,103;12,953;14,804;16,317;17,831;19,344;20,951;22,803;23,992;25,182;26,371;27,561;28,751;29,196;29,642;30,087;30,533;30,979;30,486;29,993;29,5;29,007;28,515;27,803;27,092;26,381;25,67;24,959;24,248;23,537;23,068;22,6;22,132;21,664;21,196;12,7176
77;0;1,877;3,754;5,631;7,509;9,386;11,263;13,14;15,018;16,567;18,116;19,665;21,214;22,971;24,191;25,411;26,632;27,852;29,073;29,529;29,985;30,441;30,897;31,354;30,865;30,377;29,888;29,4;28,912;28,195;27,479;26,762;26,046;25,329;24,613;23,897;23,418;22,94;22,462;21,984;21,506;12,9036
78;0;1,904;3,808;5,712;7,616;9,52;11,424;13,328;15,233;16,817;18,401;19,985;21,569;23,154;24,39;25,641;26,892;28,143;29,394;29,861;30,328;30,795;31,262;31,729;31,244;30,76;30,276;29,792;29,308;28,586;27,865;27,143;26,422;25,7;24,979;24,258;23,769;23,281;22,792;22,304;21,816;13,0896
79;0;1,93;3,861;5,792;7,723;9,654;11,585;13,516;15,447;17,066;18,686;20,305;21,925;23,545;24,588;25,87;27,152;28,434;29,716;30,193;30,671;31,148;31,626;32,104;31,624;31,144;30,664;30,184;29,705;28,978;28,251;27,524;26,798;26,071;25,344;24,618;24,119;23,621;23,122;22,624;22,126;13,2756
80;0;1,957;3,915;5,872;7,83;9,788;11,745;13,703;15,661;17,316;18,971;20,626;22,281;23,936;24,786;26,099;27,411;28,724;30,037;30,525;31,013;31,502;31,99;32,479;32,003;31,527;31,052;30,576;30,101;29,369;28,637;27,905;27,174;26,442;25,71;24,979;24,47;23,961;23,453;22,944;22,436;13,4616
81;0;1,978;3,957;5,936;7,915;9,893;11,872;13,851;15,83;17,508;19,187;20,866;22,545;24,224;25,111;26,217;27,541;28,865;30,189;30,708;31,227;31,746;32,265;32,785;32,332;31,879;31,426;30,973;30,521;29,786;29,052;28,318;27,584;26,85;26,116;25,382;24,856;24,331;23,806;23,281;22,756;13,6536
82;0;1,999;3,999;5,999;7,999;9,998;11,998;13,998;15,998;17,7;19,403;21,106;22,809;24,512;25,444;26,376;27,67;29,005;30,341;30,89;31,44;31,99;32,54;33,09;32,66;32,23;31,8;31,37;30,94;30,203;29,467;28,731;27,994;27,258;26,522;25,786;25,243;24,701;24,159;23,617;23,075;13,845
83;0;2,02;4,041;6,062;8,083;10,104;12,125;14,146;16,167;17,893;19,62;21,346;23,073;24,8;25,777;26,754;27,8;29,146;30,493;31,073;31,654;32,234;32,815;33,396;32,988;32,581;32,173;31,766;31,359;30,62;29,881;29,143;28,404;27,666;26,927;26,189;25,63;25,071;24,512;23,953;23,395;14,037
84;0;2,042;4,084;6,126;8,168;10,21;12,252;14,294;16,336;18,086;19,836;21,587;23,337;25,088;26,11;27,133;28,155;29,286;30,644;31,255;31,867;32,478;33,09;33,702;33,317;32,932;32,548;32,163;31,779;31,038;30,297;29,556;28,815;28,074;27,333;26,593;26,017;25,441;24,866;24,29;23,715;14,229
85;0;2,063;4,126;6,189;8,252;10,315;12,378;14,441;16,504;18,278;20,052;21,827;23,601;25,376;26,443;27,511;28,579;29,647;30,796;31,438;32,08;32,722;33,364;34,007;33,645;33,283;32,921;32,559;32,198;31,454;30,711;29,968;29,225;28,482;27,739;26,996;26,403;25,811;25,219;24,627;24,035;14,421
86;0;2,084;4,168;6,252;8,336;10,42;12,504;14,588;16,673;18,471;20,269;22,067;23,865;25,664;26,777;27,89;29,003;30,116;31,23;31,621;32,294;32,967;33,64;34,313;33,973;33,634;33,295;32,956;32,617;31,871;31,126;30,381;29,635;28,89;28,145;27,4;26,79;26,181;25,572;24,963;24,354;14,6124
87;0;2,105;4,21;6,315;8,421;10,526;12,631;14,736;16,842;18,664;20,486;22,308;24,13;25,952;27,11;28,268;29,427;30,585;31,744;32,031;32,507;33,21;33,914;34,618;34,301;33,985;33,669;33,353;33,037;32,289;31,541;30,793;30,046;29,298;28,55;27,803;27,177;26,551;25,925;25,299;24,674;14,8044
88;0;2,126;4,252;6,378;8,505;10,631;12,757;14,883;17,01;18,856;20,702;22,548;24,394;26,24;27,443;28,647;29,85;31,054;32,258;32,556;32,855;33,455;34,189;34,924;34,63;34,336;34,043;33,749;33,456;32,706;31,956;31,206;30,456;29,706;28,956;28,207;27,564;26,921;26,279;25,636;24,994;14,9964
89;0;2,147;4,294;6,442;8,589;10,736;12,884;15,031;17,179;19,048;20,918;22,788;24,658;26,528;27,776;29,025;30,274;31,523;32,772;33,082;33,392;33,702;34,464;35,23;34,959;34,688;34,417;34,146;33,875;33,122;32,37;31,618;30,866;30,114;29,362;28,61;27,95;27,291;26,632;25,973;25,314;15,1884
90;0;2,168;4,337;6,505;8,674;10,842;13,011;15,179;17,348;19,241;21,135;23,028;24,922;26,816;28,11;29,404;30,698;31,992;33,286;33,607;33,928;34,249;34,739;35,535;35,287;35,039;34,791;34,543;34,295;33,54;32,785;32,031;31,276;30,522;29,767;29,013;28,337;27,661;26,985;26,309;25,633;15,3798
91;0;2,177;4,354;6,531;8,708;10,885;13,062;15,239;17,416;19,335;21,255;23,174;25,094;27,014;28,327;29,641;30,955;32,269;33,583;33,939;34,295;34,651;35,007;35,655;35,441;35,227;35,014;34,8;34,587;33,845;33,103;32,362;31,62;30,879;30,137;29,396;28,709;28,023;27,336;26,65;25,964;15,5784
92;0;2,185;4,371;6,556;8,742;10,927;13,113;15,298;17,484;19,429;21,375;23,32;25,266;27,212;28,545;29,878;31,212;32,545;33,879;34,27;34,661;35,052;35,443;35,834;35,596;35,417;35,238;35,059;34,88;34,151;33,422;32,694;31,965;31,237;30,508;29,78;29,082;28,385;27,688;26,991;26,294;15,7764
93;0;2,194;4,388;6,582;8,776;10,97;13,164;15,358;17,552;19,523;21,495;23,466;25,438;27,41;28,763;30,116;31,469;32,822;34,176;34,601;35,027;35,453;35,879;36,305;35,751;35,606;35,461;35,316;35,172;34,456;33,74;33,025;32,309;31,594;30,878;30,163;29,455;28,747;28,04;27,332;26,625;15,975
94;0;2,202;4,405;6,607;8,81;11,013;13,215;15,418;17,621;19,618;21,615;23,613;25,61;27,608;28,98;30,353;31,726;33,099;34,472;34,932;35,393;35,854;36,315;36,776;36,062;35,795;35,684;35,574;35,464;34,761;34,058;33,356;32,653;31,951;31,248;30,546;29,827;29,109;28,391;27,673;26,955;16,173
95;0;2,211;4,422;6,633;8,844;11,055;13,266;15,477;17,689;19,712;21,735;23,759;25,782;27,806;29,198;30,591;31,983;33,376;34,769;35,264;35,76;36,255;36,751;37,247;36,554;35,984;35,908;35,832;35,757;35,067;34,377;33,687;32,998;32,308;31,618;30,929;30,2;29,471;28,743;28,014;27,286;16,3716
96;0;2,219;4,439;6,658;8,878;11,098;13,317;15,537;17,757;19,806;21,855;23,905;25,954;28,004;29,416;30,828;32,241;33,653;35,066;35,596;36,126;36,657;37,187;37,718;37,046;36,375;36,131;36,09;36,049;35,372;34,695;34,018;33,342;32,665;31,988;31,312;30,572;29,833;29,094;28,355;27,616;16,5696
97;0;2,228;4,456;6,684;8,912;11,14;13,368;15,596;17,825;19,9;21,975;24,051;26,126;28,202;29,634;31,066;32,498;33,93;35,362;35,927;36,492;37,058;37,623;38,189;37,538;36,888;36,355;36,348;36,342;35,678;35,014;34,35;33,686;33,022;32,358;31,695;30,945;30,195;29,446;28,696;27,947;16,7682
98;0;2,236;4,473;6,71;8,947;11,183;13,42;15,657;17,894;19,995;22,096;24,197;26,298;28,4;29,851;31,303;32,755;34,207;35,659;36,259;36,859;37,459;38,059;38,66;38,031;37,402;36,773;36,606;36,634;35,983;35,332;34,681;34,03;33,379;32,728;32,078;31,317;30,557;29,797;29,037;28,277;16,9662
99;0;2,245;4,49;6,735;8,981;11,226;13,471;15,716;17,962;20,089;22,216;24,343;26,47;28,598;30,069;31,54;33,012;34,483;35,955;36,59;37,225;37,86;38,495;39,131;38,523;37,915;37,307;36,864;36,926;36,288;35,65;35,012;34,374;33,736;33,098;32,461;31,69;30,919;30,149;29,378;28,608;17,1648
100;0;2,253;4,507;6,761;9,015;11,268;13,522;15,776;18,03;20,183;22,336;24,489;26,642;28,796;30,287;31,778;33,269;34,76;36,252;36,922;37,592;38,262;38,932;39,602;39,015;38,428;37,842;37,255;37,219;36,594;35,969;35,344;34,719;34,094;33,469;32,844;32,062;31,281;30,5;29,719;28,938;17,3628
101;0;2,248;4,497;6,746;8,995;11,243;13,492;15,741;17,99;20,166;22,343;24,52;26,697;28,874;30,399;31,925;33,45;34,976;36,502;37,16;37,819;38,478;39,137;39,796;39,228;38,66;38,093;37,525;37,161;36,57;35,98;35,39;34,8;34,21;33,62;33,03;32,256;31,482;30,708;29,934;29,161;17,4966
102;0;2,243;4,487;6,731;8,975;11,219;13,463;15,707;17,951;20,151;22,351;24,551;26,751;28,952;30,512;32,072;33,632;35,192;36,753;37,4;38,047;38,694;39,341;39,989;39,44;38,892;38,343;37,795;37,247;36,546;35,991;35,436;34,88;34,325;33,77;33,215;32,449;31,683;30,917;30,151;29,385;17,631
103;0;2,238;4,477;6,716;8,955;11,194;13,433;15,672;17,911;20,134;22,358;24,582;26,806;29,03;30,624;32,219;33,813;35,408;37,003;37,639;38,275;38,911;39,547;40,183;39,653;39,124;38,594;38,065;37,536;36,523;36,003;35,482;34,962;34,441;33,921;33,401;32,642;31,883;31,125;30,366;29,608;17,7648
104;0;2,233;4,467;6,701;8,935;11,169;13,403;15,637;17,871;20,118;22,366;24,613;26,861;29,109;30,738;32,367;33,996;35,625;37,254;37,878;38,503;39,127;39,752;40,377;39,866;39,356;38,845;38,335;37,825;36,739;36,014;35,528;35,043;34,557;34,072;33,587;32,835;32,084;31,333;30,582;29,831;17,8986
105;0;2,229;4,458;6,687;8,916;11,145;13,374;15,603;17,832;20,103;22,374;24,645;26,916;29,187;30,85;32,513;34,177;35,84;37,504;38,117;38,73;39,344;39,957;40,571;40,079;39,588;39,096;38,605;38,114;37,042;36,025;35,574;35,124;34,673;34,222;33,772;33,028;32,284;31,541;30,797;30,054;18,0324
106;0;2,224;4,448;6,672;8,896;11,12;13,344;15,568;17,792;20,086;22,381;24,675;26,97;29,265;30,963;32,661;34,359;36,057;37,755;38,356;38,958;39,56;40,162;40,764;40,291;39,819;39,347;38,875;38,403;37,344;36,285;35,621;35,205;34,789;34,373;33,958;33,221;32,485;31,749;31,013;30,277;18,1662
107;0;2,235;4,47;6,705;8,94;11,175;13,41;15,645;17,88;20,18;22,48;24,781;27,081;29,382;31,075;32,807;34,54;36,272;38,005;38,595;39,186;39,776;40,367;40,958;40,504;40,051;39,598;39,145;38,692;37,646;36,6;35,667;35,286;34,905;34,524;34,143;33,414;32,686;31,957;31,229;30,501;18,3006
108;0;2,247;4,494;6,742;8,989;11,236;13,484;15,731;17,979;20,315;22,651;24,987;27,323;29,659;31,187;32,954;34,721;36,488;38,255;38,834;39,413;39,993;40,572;41,152;40,717;40,283;39,849;39,415;38,981;37,948;36,915;35,882;35,367;35,021;34,675;34,329;33,608;32,887;32,166;31,445;30,724;18,4344
109;0;2,259;4,519;6,779;9,039;11,299;13,559;15,819;18,079;20,45;22,821;25,193;27,564;29,936;31,3;33,101;34,903;36,704;38,506;39,074;39,642;40,21;40,778;41,346;40,93;40,515;40,1;39,685;39,27;38,25;37,23;36,211;35,448;35,137;34,826;34,515;33,801;33,087;32,374;31,66;30,947;18,5682
110;0;2,272;4,544;6,816;9,089;11,361;13,633;15,905;18,178;20,584;22,991;25,398;27,805;30,212;31,412;33,248;35,084;36,92;38,756;39,312;39,869;40,426;40,983;41,54;41,143;40,747;40,351;39,955;39,559;38,552;37,546;36,539;35,533;35,252;34,976;34,7;33,994;33,288;32,582;31,876;31,17;18,702
111;0;2,272;4,545;6,818;9,091;11,364;13,637;15,91;18,183;20,603;23,024;25,445;27,866;30,287;31,434;33,282;35,131;36,979;38,828;39,4;39,972;40,545;41,117;41,69;41,297;40,904;40,512;40,119;39,727;38,754;37,781;36,808;35,835;35,232;34,963;34,695;34,034;33,374;32,713;32,053;31,393;18,8358
112;0;2,273;4,547;6,82;9,094;11,368;13,641;15,915;18,189;20,623;23,057;25,492;27,926;30,361;31,524;33,316;35,177;37,038;38,9;39,488;40,076;40,664;41,252;41,841;41,451;41,062;40,672;40,283;39,894;38,955;38,016;37,077;36,138;35,21;34,949;34,689;34,074;33,46;32,845;32,231;31,617;18,9702
113;0;2,274;4,548;6,822;9,097;11,371;13,645;15,919;18,194;20,642;23,09;25,539;27,987;30,436;31,617;33,35;35,224;37,098;38,973;39,576;40,18;40,784;41,388;41,992;41,606;41,22;40,834;40,448;40,062;39,156;38,251;37,345;36,44;35,534;34,937;34,684;34,115;33,546;32,977;32,408;31,84;19,104
114;0;2,274;4,549;6,824;9,099;11,374;13,649;15,924;18,199;20,661;23,123;25,585;28,047;30,51;31,71;33,384;35,271;37,158;39,045;39,664;40,284;40,903;41,523;42,143;41,76;41,377;40,995;40,612;40,23;39,358;38,486;37,614;36,742;35,87;34,998;34,678;34,155;33,632;33,109;32,586;32,063;19,2378
115;0;2,275;4,551;6,826;9,102;11,377;13,653;15,928;18,204;20,68;23,156;25,632;28,108;30,585;31,804;33,417;35,317;37,217;39,117;39,752;40,387;41,023;41,658;42,294;41,914;41,535;41,156;40,777;40,398;39,559;38,721;37,883;37,044;36,206;35,368;34,673;34,195;33,718;33,24;32,763;32,286;19,3716
116;0;2,276;4,552;6,828;9,104;11,38;13,656;15,932;18,209;20,699;23,189;25,679;28,169;30,659;31,897;33,451;35,364;37,276;39,189;39,84;40,491;41,142;41,793;42,445;42,069;41,693;41,317;40,941;40,566;39,761;38,956;38,151;37,347;36,542;35,737;34,933;34,235;33,803;33,372;32,94;32,509;19,5054
117;0;2,276;4,553;6,83;9,107;11,383;13,66;15,937;18,214;20,718;23,222;25,726;28,23;30,734;31,99;33,485;35,41;37,335;39,261;39,928;40,595;41,262;41,929;42,596;42,223;41,851;41,478;41,106;40,734;39,962;39,191;38,42;37,649;36,878;36,107;35,336;34,276;33,89;33,504;33,118;32,732;19,6392
118;0;2,277;4,554;6,832;9,109;11,386;13,664;15,941;18,219;20,736;23,254;25,772;28,29;30,808;32,083;33,519;35,457;37,395;39,333;40,015;40,698;41,381;42,064;42,747;42,377;42,008;41,639;41,27;40,901;40,163;39,426;38,689;37,951;37,214;36,477;35,74;34,316;33,976;33,636;33,296;32,956;19,7736
119;0;2,278;4,556;6,834;9,112;11,39;13,668;15,946;18,225;20,756;23,288;25,819;28,351;30,883;32,177;33,552;35,503;37,454;39,405;40,103;40,801;41,5;42,198;42,897;42,531;42,165;41,8;41,434;41,069;40,365;39,661;38,957;38,254;37,55;36,846;36,143;34,356;34,062;33,767;33,473;33,179;19,9074
120;0;2,278;4,557;6,836;9,115;11,393;13,672;15,951;18,23;20,775;23,32;25,866;28,411;30,957;32,269;33,586;35,55;37,513;39,477;40,191;40,905;41,619;42,333;43,048;42,685;42,323;41,961;41,599;41,237;40,566;39,896;39,226;38,556;37,886;37,216;36,546;34,654;34,147;33,899;33,65;33,402;20,0412
121;0;2,268;4,537;6,805;9,074;11,343;13,611;15,88;18,149;20,694;23,239;25,785;28,33;30,876;32,206;33,537;35,439;37,412;39,386;40,083;40,78;41,477;42,174;42,871;42,54;42,209;41,878;41,547;41,217;40,561;39,905;39,249;38,593;37,937;37,281;36,626;34,79;34,146;33,956;33,765;33,575;20,145
122;0;2,258;4,517;6,775;9,034;11,292;13,551;15,809;18,068;20,613;23,158;25,703;28,248;30,794;32,142;33,491;35,327;37,31;39,294;39,973;40,653;41,333;42,013;42,693;42,393;42,094;41,795;41,496;41,197;40,555;39,914;39,272;38,631;37,989;37,348;36,707;34,928;34,144;34,012;33,879;33,747;20,2482
123;0;2,248;4,497;6,745;8,994;11,242;13,491;15,739;17,988;20,532;23,077;25,622;28,167;30,712;32,079;33,446;35,216;37,209;39,203;39,865;40,528;41,19;41,853;42,516;42,248;41,98;41,712;41,444;41,177;40,549;39,922;39,295;38,668;38,041;37,414;36,787;35,064;34,143;34,068;33,994;33,92;20,352
124;0;2,238;4,476;6,715;8,953;11,191;13,43;15,668;17,907;20,451;22,996;25,541;28,086;30,631;32,016;33,401;35,105;37,108;39,112;39,757;40,402;41,047;41,692;42,338;42,101;41,865;41,628;41,392;41,156;40,543;39,93;39,318;38,705;38,093;37,48;36,868;35,201;34,141;34,125;34,109;34,093;20,4558
125;0;2,228;4,456;6,684;8,913;11,141;13,369;15,597;17,826;20,37;22,915;25,459;28,004;30,549;31,952;33,355;34,994;37,007;39,02;39,648;40,276;40,904;41,532;42,161;41,956;41,751;41,546;41,341;41,136;40,537;39,939;39,341;38,742;38,144;37,546;36,948;35,337;34,14;34,182;34,224;34,266;20,5596
126;0;2,218;4,436;6,654;8,873;11,091;13,309;15,527;17,746;20,29;22,834;25,378;27,922;30,467;31,888;33,309;34,883;36,906;38,929;39,539;40,15;40,761;41,372;41,983;41,809;41,636;41,462;41,289;41,116;40,532;39,948;39,364;38,78;38,196;37,612;37,029;35,474;34,138;34,238;34,338;34,439;20,6634
127;0;2,208;4,416;6,624;8,832;11,04;13,248;15,456;17,665;20,209;22,753;25,297;27,841;30,386;31,825;33,264;34,771;36,804;38,837;39,43;40,024;40,618;41,212;41,806;41,664;41,522;41,38;41,238;41,096;40,526;39,956;39,387;38,817;38,248;37,678;37,109;35,611;34,136;34,294;34,452;34,611;20,7666
128;0;2,198;4,396;6,594;8,792;10,99;13,188;15,386;17,584;20,128;22,672;25,216;27,76;30,304;31,761;33,219;34,676;36,703;38,746;39,322;39,898;40,475;41,051;41,628;41,517;41,407;41,296;41,186;41,076;40,52;39,965;39,41;38,855;38,3;37,745;37,19;35,748;34,306;34,351;34,567;34,784;20,8704
129;0;2,188;4,376;6,564;8,752;10,94;13,128;15,316;17,504;20,047;22,591;25,134;27,678;30,222;31,697;33,173;34,649;36,602;38,655;39,214;39,773;40,332;40,891;41,451;41,371;41,292;41,213;41,134;41,055;40,514;39,973;39,432;38,892;38,351;37,81;37,27;35,884;34,498;34,407;34,682;34,957;20,9742
130;0;2,177;4,355;6,533;8,711;10,889;13,067;15,245;17,423;19,966;22,51;25,053;27,597;30,141;31,634;33,128;34,622;36,5;38,563;39,105;39,647;40,189;40,731;41,274;41,226;41,178;41,13;41,082;41,035;40,508;39,982;39,456;38,929;38,403;37,877;37,351;36,021;34,691;34,464;34,797;35,13;21,078
131;0;2,149;4,298;6,447;8,597;10,746;12,895;15,044;17,194;19,729;22,264;24,799;27,334;29,87;31,377;32,884;34,392;36,199;38,264;38,815;39,367;39,919;40,471;41,023;40,99;40,957;40,925;40,892;40,86;40,383;39,907;39,431;38,955;38,479;38,003;37,527;36,236;34,945;34,54;34,913;35,287;21,1722
132;0;2,12;4,241;6,362;8,483;10,603;12,724;14,845;16,966;19,492;22,019;24,546;27,073;29,6;31,12;32,641;34,161;35,899;37,966;38,527;39,088;39,649;40,21;40,772;40,754;40,737;40,719;40,702;40,685;40,259;39,833;39,407;38,981;38,555;38,129;37,703;36,45;35,198;34,617;35,031;35,445;21,267
133;0;2,092;4,184;6,276;8,368;10,46;12,552;14,644;16,737;19,255;21,774;24,292;26,811;29,33;30,864;32,398;33,932;35,598;37,667;38,238;38,809;39,38;39,951;40,522;40,519;40,517;40,514;40,512;40,51;40,134;39,758;39,382;39,006;38,63;38,254;37,879;36,665;35,451;34,693;35,148;35,603;21,3618
134;0;2,063;4,127;6,19;8,254;10,318;12,381;14,445;16,509;19,019;21,529;24,039;26,549;29,059;30,606;32,153;33,701;35,297;37,368;37,948;38,529;39,109;39,69;40,271;40,283;40,296;40,309;40,322;40,335;40,009;39,683;39,357;39,032;38,706;38,38;38,055;36,88;35,705;34,769;35,264;35,76;21,456
135;0;2,035;4,07;6,105;8,14;10,175;12,21;14,245;16,28;18,781;21,283;23,785;26,287;28,789;30,349;31,91;33,471;35,032;37,07;37,66;38,25;38,84;39,43;40,02;40,048;40,076;40,104;40,132;40,16;39,884;39,608;39,332;39,057;38,781;38,505;38,23;37,093;35,957;34,846;35,382;35,918;21,5508
136;0;2,006;4,013;6,019;8,026;10,032;12,039;14,045;16,052;18,545;21,038;23,532;26,025;28,519;30,093;31,667;33,241;34,815;36,771;37,37;37,97;38,57;39,17;39,77;39,813;39,856;39,899;39,942;39,985;39,759;39,533;39,308;39,082;38,857;38,631;38,406;37,308;36,21;35,113;35,499;36,076;21,6456
137;0;1,977;3,955;5,933;7,911;9,889;11,867;13,845;15,823;18,308;20,793;23,278;25,763;28,248;29,835;31,423;33,01;34,598;36,472;37,081;37,69;38,3;38,909;39,519;39,577;39,635;39,693;39,751;39,81;39,634;39,459;39,283;39,108;38,932;38,757;38,582;37,523;36,464;35,405;35,616;36,234;21,7404
138;0;1,949;3,898;5,847;7,797;9,746;11,695;13,644;15,594;18,07;20,547;23,024;25,501;27,978;29,579;31,18;32,781;34,382;36,173;36,792;37,411;38,03;38,649;39,268;39,341;39,414;39,487;39,56;39,634;39,508;39,383;39,258;39,133;39,008;38,883;38,758;37,737;36,717;35,696;35,732;36,391;21,8346
139;0;1,92;3,841;5,762;7,683;9,603;11,524;13,445;15,366;17,834;20,302;22,771;25,239;27,708;29,322;30,936;32,55;34,164;35,875;36,503;37,132;37,76;38,389;39,018;39,106;39,194;39,282;39,37;39,459;39,384;39,309;39,234;39,159;39,084;39,009;38,934;37,952;36,97;35,988;35,85;36,549;21,9294
140;0;1,892;3,784;5,676;7,568;9,46;11,352;13,244;15,137;17,597;20,057;22,517;24,977;27,437;29,064;30,692;32,32;33,948;35,576;36,214;36,852;37,49;38,128;38,767;38,87;38,973;39,077;39,18;39,284;39,259;39,234;39,209;39,184;39,159;39,134;39,11;38,166;37,223;36,28;35,967;36,707;22,0242
141;0;1,865;3,73;5,595;7,46;9,325;11,19;13,055;14,92;17,361;19,803;22,244;24,686;27,128;28,75;30,373;31,995;33,618;35,241;35,86;36,524;37,189;37,853;38,518;38,64;38,762;38,884;39,006;39,129;39,104;39,08;39,056;39,032;39,008;38,984;38,96;38,098;37,236;36,375;35,77;36,541;21,9246
142;0;1,837;3,675;5,513;7,351;9,189;11,027;12,865;14,703;17,126;19,549;21,972;24,395;26,819;28,436;30,054;31,671;33,289;34,907;35,506;36,197;36,887;37,578;38,269;38,409;38,55;38,691;38,832;38,973;38,949;38,926;38,903;38,879;38,856;38,833;38,81;38,03;37,25;36,47;35,69;36,376;21,8256
143;0;1,81;3,621;5,432;7,243;9,054;10,865;12,676;14,487;16,891;19,295;21,7;24,104;26,509;28,121;29,734;31,346;32,959;34,572;35,152;35,869;36,586;37,303;38,02;38,179;38,338;38,498;38,657;38,817;38,794;38,772;38,749;38,727;38,704;38,682;38,66;37,961;37,263;36,565;35,867;36,21;21,726
144;0;1,783;3,567;5,351;7,135;8,918;10,702;12,486;14,27;16,656;19,042;21,428;23,814;26,2;27,807;29,415;31,022;32,63;34,238;34,798;35,541;36,284;37,027;37,77;37,948;38,126;38,305;38,483;38,662;38,64;38,618;38,596;38,574;38,552;38,53;38,509;37,892;37,276;36,659;36,043;36,045;21,627
145;0;1,756;3,513;5,269;7,026;8,783;10,539;12,296;14,053;16,42;18,788;21,155;23,523;25,891;27,493;29,095;30,698;32,3;33,903;34,444;35,213;35,982;36,751;37,521;37,718;37,915;38,112;38,309;38,506;38,485;38,464;38,443;38,422;38,401;38,38;38,359;37,824;37,289;36,754;36,219;35,88;21,528
146;0;1,729;3,459;5,188;6,918;8,647;10,377;12,106;13,836;16,185;18,534;20,883;23,232;25,582;27,179;28,776;30,374;31,971;33,569;34,09;34,885;35,681;36,476;37,272;37,487;37,703;37,919;38,135;38,351;38,33;38,31;38,29;38,269;38,249;38,229;38,209;37,755;37,302;36,849;36,396;35,943;21,5658
147;0;1,702;3,404;5,107;6,809;8,511;10,214;11,916;13,619;15,949;18,28;20,611;22,942;25,273;26,865;28,457;30,049;31,641;33,234;33,736;34,558;35,379;36,201;37,023;37,257;37,491;37,726;37,96;38,195;38,175;38,156;38,136;38,117;38,097;38,078;38,059;37,687;37,315;36,944;36,572;36,201;21,7206
148;0;1,675;3,35;5,025;6,701;8,376;10,051;11,726;13,402;15,714;18,026;20,338;22,65;24,963;26,55;28,137;29,724;31,311;32,899;33,382;34,23;35,078;35,926;36,774;37,027;37,28;37,533;37,786;38,039;38,02;38,001;37,983;37,964;37,946;37,927;37,909;37,619;37,329;37,039;36,749;36,459;21,8754
149;0;1,648;3,296;4,944;6,592;8,24;9,888;11,536;13,185;15,478;17,772;20,066;22,36;24,654;26,236;27,818;29,4;30,982;32,565;33,029;33,903;34,777;35,651;36,525;36,796;37,068;37,34;37,612;37,884;37,866;37,848;37,83;37,812;37,794;37,776;37,758;37,549;37,341;37,133;36,925;36,717;22,0302
150;0;1,621;3,242;4,863;6,484;8,105;9,726;11,347;12,968;15,243;17,518;19,794;22,069;24,345;25,922;27,499;29,076;30,653;32,23;32,674;33,574;34,474;35,374;36,275;36,565;36,856;37,146;37,437;37,728;37,71;37,693;37,676;37,659;37,642;37,625;37,608;37,481;37,354;37,228;37,101;36,975;22,185
151;0;1,603;3,207;4,81;6,414;8,018;9,621;11,225;12,829;15,076;17,324;19,572;21,82;24,068;25,625;27,183;28,74;30,298;31,856;32,285;33,205;34,126;35,046;35,967;36,274;36,582;36,89;37,198;37,506;37,499;37,492;37,485;37,478;37,471;37,464;37,457;37,34;37,223;37,106;36,989;36,873;22,1238
152;0;1,586;3,172;4,758;6,345;7,931;9,517;11,103;12,69;14,91;17,13;19,351;21,571;23,792;25,329;26,867;28,405;29,943;31,481;31,895;32,836;33,776;34,717;35,658;35,983;36,308;36,633;36,958;37,283;37,286;37,289;37,292;37,296;37,299;37,302;37,306;37,199;37,092;36,985;36,878;36,771;22,0626
153;0;1,568;3,137;4,706;6,275;7,844;9,413;10,982;12,551;14,743;16,936;19,129;21,322;23,515;25,033;26,551;28,069;29,587;31,106;31,506;32,467;33,428;34,389;35,35;35,692;36,034;36,376;36,718;37,061;37,074;37,087;37,1;37,114;37,127;37,14;37,154;37,057;36,96;36,863;36,766;36,669;22,0014
154;0;1,551;3,103;4,654;6,206;7,757;9,309;10,86;12,412;14,577;16,742;18,907;21,072;23,238;24,736;26,235;27,734;29,233;30,732;31,117;32,098;33,079;34,06;35,041;35,4;35,759;36,119;36,478;36,838;36,861;36,885;36,908;36,932;36,955;36,979;37,003;36,915;36,828;36,741;36,654;36,567;21,9402
155;0;1,534;3,068;4,602;6,136;7,67;9,204;10,738;12,272;14,41;16,548;18,686;20,824;22,962;24,441;25,92;27,399;28,878;30,357;30,728;31,729;32,73;33,731;34,733;35,109;35,486;35,862;36,239;36,616;36,649;36,683;36,717;36,75;36,784;36,818;36,852;36,774;36,697;36,619;36,542;36,465;21,879
156;0;1,516;3,033;4,549;6,066;7,583;9,099;10,616;12,133;14,243;16,353;18,464;20,574;22,685;24,144;25,603;27,063;28,522;29,982;30,376;31,36;32,381;33,402;34,424;34,817;35,211;35,605;35,999;36,393;36,436;36,48;36,524;36,568;36,612;36,656;36,7;36,632;36,565;36,497;36,43;36,363;21,8178
157;0;1,499;2,998;4,497;5,997;7,496;8,995;10,494;11,994;14,076;16,159;18,242;20,325;22,408;23,847;25,287;26,727;28,167;29,607;30,039;30,99;32,032;33,073;34,115;34,526;34,937;35,348;35,759;36,171;36,225;36,279;36,333;36,387;36,441;36,495;36,549;36,491;36,434;36,376;36,319;36,262;21,7572
158;0;1,481;2,963;4,445;5,927;7,409;8,891;10,373;11,855;13,91;15,965;18,021;20,076;22,132;23,552;24,972;26,392;27,812;29,233;29,702;30,622;31,683;32,745;33,807;34,235;34,663;35,091;35,519;35,948;36,012;36,076;36,14;36,205;36,269;36,333;36,398;36,35;36,302;36,255;36,207;36,16;21,696
159;0;1,464;2,929;4,393;5,858;7,322;8,787;10,251;11,716;13,743;15,771;17,799;19,827;21,855;23,255;24,656;26,056;27,457;28,858;29,364;30,252;31,334;32,416;33,498;33,943;34,388;34,834;35,279;35,725;35,799;35,874;35,948;36,023;36,097;36,172;36,247;36,209;36,171;36,133;36,095;36,058;21,6348
160;0;1,447;2,894;4,341;5,788;7,235;8,682;10,129;11,577;13,577;15,577;17,578;19,578;21,579;22,959;24,34;25,721;27,102;28,483;29,027;29,884;30,986;32,088;33,19;33,652;34,115;34,577;35,04;35,503;35,587;35,672;35,756;35,841;35,925;36,01;36,095;36,067;36,039;36,011;35,983;35,956;21,5736
161;0;1,429;2,858;4,288;5,717;7,146;8,576;10,005;11,435;13,407;15,38;17,352;19,325;21,298;22,66;24,022;25,384;26,746;28,109;28,669;29,445;30,548;31,65;32,753;33,232;33,711;34,191;34,67;35,15;35,263;35,376;35,489;35,603;35,716;35,829;35,943;35,925;35,907;35,889;35,871;35,853;21,5118
162;0;1,411;2,823;4,234;5,646;7,058;8,469;9,881;11,293;13,238;15,183;17,128;19,073;21,018;22,361;23,704;25,047;26,39;27,734;28,31;29,007;30,11;31,212;32,315;32,811;33,308;33,804;34,301;34,798;34,939;35,081;35,223;35,364;35,506;35,648;35,79;35,782;35,774;35,766;35,758;35,75;21,45
163;0;1,394;2,788;4,182;5,576;6,97;8,364;9,758;11,152;13,069;14,986;16,903;18,82;20,738;22,062;23,386;24,71;26,034;27,359;27,951;28,57;29,672;30,775;31,878;32,391;32,904;33,418;33,931;34,445;34,615;34,785;34,956;35,126;35,297;35,467;35,638;35,639;35,641;35,643;35,645;35,647;21,3882
164;0;1,376;2,752;4,128;5,505;6,881;8,257;9,633;11,01;12,899;14,789;16,678;18,568;20,458;21,763;23,068;24,374;25,679;26,985;27,593;28,201;29,235;30,338;31,441;31,971;32,501;33,032;33,562;34,093;34,292;34,491;34,69;34,889;35,088;35,287;35,486;35,497;35,509;35,52;35,532;35,544;21,3264
165;0;1,358;2,717;4,075;5,434;6,792;8,151;9,509;10,868;12,73;14,592;16,454;18,316;20,178;21,464;22,75;24,037;25,323;26,61;27,234;27,858;28,797;29,9;31,004;31,551;32,098;32,645;33,192;33,74;33,967;34,195;34,422;34,65;34,877;35,105;35,333;35,354;35,376;35,397;35,419;35,441;21,2646
166;0;1,34;2,681;4,022;5,363;6,703;8,044;9,385;10,726;12,56;14,394;16,228;18,062;19,897;21,164;22,432;23,699;24,967;26,235;26,875;27,515;28,359;29,463;30,567;31,131;31,695;32,259;32,823;33,387;33,643;33,899;34,155;34,412;34,668;34,924;35,181;35,212;35,243;35,275;35,306;35,338;21,2028
167;0;1,323;2,646;3,969;5,292;6,615;7,938;9,261;10,584;12,39;14,197;16,003;17,81;19,617;20,865;22,114;23,363;24,612;25,861;26,517;27,173;27,922;29,026;30,13;30,711;31,292;31,873;32,454;33,035;33,319;33,604;33,889;34,174;34,459;34,744;35,029;35,07;35,111;35,152;35,193;35,235;21,141
168;0;1,305;2,61;3,915;5,221;6,526;7,831;9,136;10,442;12,221;14;15,779;17,558;19,337;20,566;21,796;23,026;24,256;25,486;26,158;26,83;27,502;28,589;29,693;30,29;30,888;31,486;32,084;32,682;32,995;33,308;33,622;33,935;34,249;34,562;34,876;34,927;34,978;35,029;35,08;35,132;21,0792
169;0;1,287;2,575;3,862;5,15;6,438;7,725;9,013;10,301;12,052;13,803;15,554;17,305;19,057;20,267;21,478;22,689;23,9;25,111;25,799;26,487;27,175;28,151;29,256;29,87;30,485;31,1;31,715;32,33;32,672;33,014;33,356;33,698;34,04;34,382;34,724;34,785;34,846;34,907;34,968;35,029;21,0174
170;0;1,269;2,539;3,809;5,079;6,349;7,619;8,889;10,159;11,882;13,605;15,329;17,052;18,776;19,968;21,16;22,352;23,544;24,736;25,44;26,144;26,848;27,714;28,819;29,45;30,082;30,713;31,345;31,977;32,347;32,718;33,089;33,459;33,83;34,201;34,572;34,642;34,713;34,784;34,855;34,926;20,9556
171;0;1,251;2,503;3,755;5,007;6,259;7,511;8,763;10,015;11,711;13,407;15,103;16,799;18,496;19,669;20,842;22,015;23,188;24,361;25,06;25,759;26,459;27,224;28,311;28,945;29,58;30,214;30,849;31,484;31,852;32,22;32,588;32,957;33,325;33,693;34,062;34,131;34,2;34,269;34,338;34,408;20,6448
172;0;1,233;2,467;3,701;4,935;6,169;7,403;8,637;9,871;11,54;13,209;14,878;16,547;18,216;19,37;20,524;21,678;22,832;23,986;24,68;25,375;26,069;26,764;27,803;28,44;29,078;29,715;30,353;30,991;31,356;31,722;32,088;32,454;32,82;33,186;33,552;33,619;33,687;33,755;33,823;33,891;20,3346
173;0;1,215;2,431;3,647;4,863;6,079;7,295;8,511;9,727;11,368;13,01;14,652;16,294;17,936;19,07;20,205;21,34;22,475;23,61;24,3;24,99;25,68;26,37;27,294;27,934;28,575;29,216;29,857;30,498;30,861;31,225;31,588;31,952;32,315;32,679;33,043;33,109;33,175;33,241;33,307;33,374;20,0244
174;0;1,197;2,395;3,593;4,791;5,989;7,187;8,385;9,583;11,197;12,811;14,426;16,04;17,655;18,771;19,887;21,003;22,119;23,235;23,92;24,605;25,29;25,975;26,786;27,429;28,073;28,716;29,36;30,004;30,365;30,726;31,087;31,449;31,81;32,171;32,533;32,597;32,662;32,727;32,792;32,857;19,7142
175;0;1,179;2,359;3,539;4,719;5,899;7,079;8,259;9,439;11,026;12,613;14,2;15,787;17,375;18,472;19,569;20,666;21,763;22,86;23,54;24,221;24,901;25,582;26,278;26,924;27,571;28,217;28,864;29,511;29,869;30,228;30,587;30,946;31,305;31,664;32,023;32,086;32,149;32,213;32,276;32,34;19,404
176;0;1,161;2,323;3,485;4,647;5,809;6,971;8,133;9,295;10,855;12,415;13,975;15,535;17,095;18,172;19,25;20,328;21,406;22,484;23,16;23,836;24,512;25,188;25,864;26,418;27,068;27,718;28,368;29,018;29,374;29,731;30,087;30,444;30,8;31,157;31,514;31,575;31,637;31,699;31,761;31,823;19,0938
177;0;1,143;2,287;3,431;4,575;5,719;6,863;8,007;9,151;10,683;12,216;13,749;15,282;16,815;17,873;18,932;19,991;21,05;22,109;22,78;23,451;24,122;24,793;25,465;25,913;26,566;27,219;27,872;28,525;28,879;29,233;29,587;29,941;30,295;30,649;31,004;31,064;31,124;31,184;31,244;31,305;18,783
178;0;1,125;2,251;3,377;4,503;5,629;6,755;7,881;9,007;10,512;12,017;13,523;15,028;16,534;17,574;18,614;19,654;20,694;21,734;22,4;23,066;23,733;24,399;25,066;25,436;26,064;26,72;27,376;28,032;28,383;28,735;29,087;29,438;29,79;30,142;30,494;30,552;30,611;30,67;30,729;30,788;18,4728
179;0;1,107;2,215;3,323;4,431;5,539;6,647;7,755;8,863;10,341;11,819;13,297;14,775;16,254;17,274;18,295;19,316;20,337;21,358;22,019;22,681;23,343;24,005;24,667;25,051;25,562;26,221;26,88;27,539;27,888;28,237;28,586;28,936;29,285;29,634;29,984;30,041;30,098;30,156;30,213;30,271;18,1626
180;0;1,089;2,179;3,269;4,359;5,449;6,539;7,629;8,719;10,17;11,621;13,072;14,523;15,974;16,975;17,977;18,979;19,981;20,983;21,64;22,297;22,954;23,611;24,269;24,666;25,064;25,722;26,384;27,046;27,393;27,74;28,087;28,434;28,781;29,128;29,475;29,53;29,586;29,642;29,698;29,754;17,8524