twa/tws;0;1;2;3;4;5;6;7;8;9;10;11;12;13;14;15;16;17;18;19;20;21;22;23;24;25;26;27;28;29;30;31;32;33;34;35;36;37;38;39;40
0;0;0;0;0;0;0;0;0;0;0;0;0;0;0;0;0;0;0;0;0;0;0;0;0;0;0;0;0;0;0;0;0;0;0;0;0;0;0;0;0;0
1;0;0.01;0.02;0.02;0.03;0.04;0.05;0.05;0.06;0.06;0.06;0.07;0.07;0.07;0.07;0.07;0.08;0.08;0.08;0.08;0.08;0.08;0.08;0.08;0.08;0.08;0.09;0.09;0.09;0.09;0.09;0.09;0.09;0.09;0.09;0.09;0.09;0.08;0.08;0.07;0.07
2;0;0.02;0.03;0.05;0.06;0.08;0.09;0.11;0.12;0.12;0.12;0.13;0.13;0.13;0.13;0.14;0.14;0.15;0.15;0.15;0.16;0.16;0.17;0.17;0.17;0.17;0.17;0.17;0.17;0.17;0.17;0.17;0.17;0.17;0.17;0.17;0.16;0.16;0.15;0.15;0.14
3;0;0.02;0.05;0.07;0.1;0.12;0.14;0.17;0.19;0.19;0.2;0.2;0.21;0.21;0.22;0.22;0.23;0.23;0.24;0.24;0.25;0.25;0.26;0.26;0.26;0.26;0.27;0.27;0.27;0.27;0.27;0.27;0.27;0.27;0.27;0.27;0.26;0.25;0.24;0.23;0.22
4;0;0.03;0.06;0.09;0.13;0.16;0.19;0.22;0.25;0.26;0.26;0.27;0.27;0.28;0.29;0.3;0.3;0.31;0.32;0.33;0.33;0.34;0.34;0.35;0.35;0.35;0.35;0.35;0.35;0.35;0.35;0.35;0.35;0.35;0.35;0.35;0.34;0.32;0.31;0.29;0.28
5;0;0.04;0.08;0.12;0.16;0.19;0.23;0.27;0.31;0.32;0.32;0.33;0.33;0.34;0.35;0.36;0.37;0.38;0.39;0.4;0.41;0.41;0.42;0.43;0.43;0.43;0.44;0.44;0.44;0.44;0.44;0.44;0.44;0.44;0.44;0.44;0.42;0.4;0.39;0.37;0.35
6;0;0.06;0.13;0.19;0.25;0.31;0.38;0.44;0.5;0.51;0.52;0.53;0.54;0.55;0.57;0.58;0.6;0.61;0.63;0.64;0.66;0.67;0.69;0.7;0.7;0.7;0.71;0.71;0.71;0.71;0.71;0.71;0.71;0.71;0.71;0.71;0.68;0.65;0.63;0.6;0.57
7;0;0.09;0.17;0.26;0.35;0.43;0.52;0.6;0.69;0.7;0.72;0.73;0.75;0.76;0.78;0.8;0.83;0.85;0.87;0.89;0.91;0.92;0.94;0.96;0.96;0.97;0.97;0.98;0.98;0.98;0.98;0.98;0.98;0.98;0.98;0.98;0.94;0.9;0.86;0.82;0.78
8;0;0.11;0.22;0.33;0.44;0.55;0.66;0.77;0.88;0.9;0.92;0.93;0.95;0.97;1;1.03;1.05;1.08;1.11;1.13;1.15;1.18;1.2;1.22;1.23;1.23;1.24;1.24;1.25;1.25;1.25;1.25;1.25;1.25;1.25;1.25;1.2;1.15;1.1;1.05;1
9;0;0.13;0.27;0.4;0.53;0.66;0.8;0.93;1.06;1.08;1.1;1.13;1.15;1.17;1.2;1.24;1.27;1.31;1.34;1.37;1.39;1.42;1.44;1.47;1.48;1.48;1.49;1.49;1.5;1.5;1.5;1.5;1.5;1.5;1.5;1.5;1.44;1.38;1.32;1.26;1.2
10;0;0.16;0.31;0.47;0.63;0.78;0.94;1.09;1.25;1.28;1.3;1.33;1.35;1.38;1.42;1.46;1.5;1.54;1.58;1.61;1.64;1.68;1.71;1.74;1.75;1.75;1.76;1.76;1.77;1.77;1.77;1.77;1.77;1.77;1.77;1.77;1.7;1.63;1.56;1.49;1.42
11;0;0.17;0.34;0.51;0.69;0.86;1.03;1.2;1.37;1.4;1.43;1.45;1.48;1.51;1.55;1.6;1.64;1.69;1.73;1.77;1.8;1.84;1.87;1.91;1.92;1.92;1.93;1.93;1.94;1.94;1.94;1.94;1.94;1.94;1.94;1.94;1.86;1.79;1.71;1.64;1.56
12;0;0.19;0.38;0.56;0.75;0.94;1.13;1.31;1.5;1.53;1.56;1.59;1.62;1.65;1.7;1.75;1.8;1.85;1.9;1.94;1.98;2.01;2.05;2.09;2.1;2.11;2.11;2.12;2.13;2.13;2.13;2.13;2.13;2.13;2.13;2.13;2.04;1.96;1.87;1.79;1.7
13;0;0.2;0.41;0.61;0.81;1.01;1.22;1.42;1.62;1.65;1.68;1.72;1.75;1.78;1.83;1.89;1.94;2;2.05;2.09;2.13;2.17;2.21;2.25;2.26;2.27;2.28;2.29;2.3;2.3;2.3;2.3;2.3;2.3;2.3;2.3;2.21;2.12;2.02;1.93;1.84
14;0;0.22;0.44;0.66;0.88;1.09;1.31;1.53;1.75;1.79;1.82;1.86;1.89;1.93;1.99;2.04;2.1;2.15;2.21;2.26;2.3;2.35;2.39;2.44;2.45;2.46;2.46;2.47;2.48;2.48;2.48;2.48;2.48;2.48;2.48;2.48;2.38;2.28;2.19;2.09;1.99
15;0;0.24;0.47;0.71;0.94;1.18;1.41;1.65;1.88;1.92;1.96;1.99;2.03;2.07;2.13;2.19;2.26;2.32;2.38;2.43;2.48;2.52;2.57;2.62;2.63;2.64;2.65;2.66;2.67;2.67;2.67;2.67;2.67;2.67;2.67;2.67;2.56;2.45;2.35;2.24;2.13
16;0;0.25;0.5;0.74;0.99;1.24;1.49;1.73;1.98;2.02;2.06;2.1;2.14;2.18;2.24;2.31;2.37;2.44;2.5;2.55;2.6;2.66;2.71;2.76;2.77;2.78;2.79;2.8;2.81;2.81;2.81;2.81;2.81;2.81;2.81;2.81;2.7;2.59;2.47;2.36;2.25
17;0;0.26;0.52;0.78;1.05;1.31;1.57;1.83;2.09;2.13;2.17;2.22;2.26;2.3;2.37;2.44;2.5;2.57;2.64;2.69;2.75;2.8;2.86;2.91;2.92;2.93;2.95;2.96;2.97;2.97;2.97;2.97;2.97;2.97;2.97;2.97;2.85;2.73;2.61;2.49;2.37
18;0;0.28;0.55;0.83;1.1;1.38;1.65;1.93;2.2;2.24;2.29;2.33;2.38;2.42;2.49;2.56;2.64;2.71;2.78;2.84;2.89;2.95;3;3.06;3.07;3.08;3.1;3.11;3.12;3.12;3.12;3.12;3.12;3.12;3.12;3.12;3;2.87;2.75;2.62;2.5
19;0;0.29;0.58;0.87;1.16;1.44;1.73;2.02;2.31;2.36;2.4;2.45;2.49;2.54;2.62;2.69;2.77;2.84;2.92;2.98;3.04;3.09;3.15;3.21;3.22;3.24;3.25;3.27;3.28;3.28;3.28;3.28;3.28;3.28;3.28;3.28;3.15;3.02;2.88;2.75;2.62
20;0;0.3;0.61;0.91;1.21;1.51;1.82;2.12;2.42;2.47;2.52;2.56;2.61;2.66;2.74;2.82;2.9;2.98;3.06;3.12;3.18;3.25;3.31;3.37;3.38;3.39;3.41;3.42;3.43;3.43;3.43;3.43;3.43;3.43;3.43;3.43;3.29;3.16;3.02;2.89;2.75
21;0;0.32;0.63;0.95;1.27;1.58;1.9;2.21;2.53;2.58;2.63;2.68;2.73;2.78;2.86;2.95;3.03;3.12;3.2;3.26;3.33;3.39;3.46;3.52;3.53;3.55;3.56;3.58;3.59;3.59;3.59;3.59;3.59;3.59;3.59;3.59;3.45;3.3;3.16;3.01;2.87
22;0;0.33;0.66;0.99;1.32;1.65;1.98;2.31;2.64;2.69;2.74;2.8;2.85;2.9;2.99;3.08;3.16;3.25;3.34;3.41;3.47;3.54;3.6;3.67;3.69;3.7;3.72;3.73;3.75;3.75;3.75;3.75;3.75;3.75;3.75;3.75;3.6;3.45;3.3;3.15;3
23;0;0.34;0.69;1.03;1.38;1.72;2.06;2.41;2.75;2.81;2.86;2.92;2.97;3.03;3.12;3.21;3.3;3.39;3.48;3.55;3.62;3.69;3.76;3.83;3.84;3.86;3.87;3.89;3.9;3.9;3.9;3.9;3.9;3.9;3.9;3.9;3.74;3.59;3.43;3.28;3.12
24;0;0.36;0.72;1.07;1.43;1.79;2.15;2.5;2.86;2.92;2.98;3.03;3.09;3.15;3.24;3.34;3.43;3.53;3.62;3.69;3.76;3.84;3.91;3.98;4;4.01;4.03;4.04;4.06;4.06;4.06;4.06;4.06;4.06;4.06;4.06;3.9;3.74;3.57;3.41;3.25
25;0;0.37;0.74;1.11;1.49;1.86;2.23;2.6;2.97;3.03;3.09;3.15;3.21;3.27;3.37;3.47;3.56;3.66;3.76;3.83;3.91;3.98;4.06;4.13;4.15;4.17;4.18;4.2;4.22;4.22;4.22;4.22;4.22;4.22;4.22;4.22;4.05;3.88;3.71;3.54;3.37
26;0;0.39;0.77;1.16;1.54;1.93;2.31;2.7;3.08;3.14;3.2;3.27;3.33;3.39;3.49;3.59;3.7;3.8;3.9;3.98;4.06;4.13;4.21;4.29;4.31;4.32;4.34;4.35;4.37;4.37;4.37;4.37;4.37;4.37;4.37;4.37;4.2;4.02;3.85;3.67;3.5
27;0;0.4;0.8;1.19;1.59;1.99;2.39;2.78;3.18;3.24;3.31;3.37;3.44;3.5;3.6;3.71;3.81;3.92;4.02;4.1;4.18;4.26;4.34;4.42;4.44;4.46;4.47;4.49;4.51;4.51;4.51;4.51;4.51;4.51;4.51;4.51;4.33;4.15;3.97;3.79;3.61
28;0;0.41;0.83;1.24;1.65;2.06;2.48;2.89;3.3;3.37;3.43;3.5;3.56;3.63;3.74;3.85;3.95;4.06;4.17;4.25;4.34;4.42;4.51;4.59;4.61;4.63;4.64;4.66;4.68;4.68;4.68;4.68;4.68;4.68;4.68;4.68;4.49;4.31;4.12;3.94;3.75
29;0;0.43;0.85;1.28;1.71;2.13;2.56;2.98;3.41;3.48;3.55;3.61;3.68;3.75;3.86;3.97;4.09;4.2;4.31;4.4;4.49;4.57;4.66;4.75;4.77;4.79;4.8;4.82;4.84;4.84;4.84;4.84;4.84;4.84;4.84;4.84;4.65;4.45;4.26;4.06;3.87
30;0;0.44;0.88;1.32;1.76;2.2;2.64;3.08;3.52;3.59;3.66;3.73;3.8;3.87;3.99;4.1;4.22;4.33;4.45;4.54;4.63;4.72;4.81;4.9;4.92;4.94;4.96;4.98;5;5;5;5;5;5;5;5;4.8;4.6;4.4;4.2;4
31;0;0.45;0.91;1.36;1.82;2.27;2.72;3.18;3.63;3.7;3.77;3.85;3.92;3.99;4.11;4.23;4.35;4.47;4.59;4.68;4.77;4.87;4.96;5.05;5.07;5.09;5.11;5.13;5.15;5.15;5.15;5.15;5.15;5.15;5.15;5.15;4.94;4.74;4.53;4.33;4.12
32;0;0.47;0.94;1.41;1.88;2.35;2.82;3.29;3.76;3.84;3.91;3.99;4.06;4.14;4.26;4.39;4.51;4.64;4.76;4.85;4.95;5.04;5.14;5.23;5.25;5.27;5.3;5.32;5.34;5.34;5.34;5.34;5.34;5.34;5.34;5.34;5.13;4.91;4.7;4.48;4.27
33;0;0.48;0.97;1.45;1.94;2.42;2.9;3.39;3.87;3.95;4.03;4.1;4.18;4.26;4.39;4.52;4.64;4.77;4.9;5;5.1;5.19;5.29;5.39;5.41;5.43;5.45;5.47;5.49;5.49;5.49;5.49;5.49;5.49;5.49;5.49;5.27;5.05;4.83;4.61;4.39
34;0;0.5;1;1.5;2;2.49;2.99;3.49;3.99;4.07;4.15;4.23;4.31;4.39;4.52;4.65;4.79;4.92;5.05;5.15;5.25;5.35;5.45;5.55;5.57;5.59;5.62;5.64;5.66;5.66;5.66;5.66;5.66;5.66;5.66;5.66;5.43;5.21;4.98;4.76;4.53
35;0;0.52;1.03;1.55;2.06;2.58;3.09;3.61;4.12;4.2;4.28;4.37;4.45;4.53;4.67;4.8;4.94;5.07;5.21;5.31;5.42;5.52;5.63;5.73;5.75;5.78;5.8;5.83;5.85;5.85;5.85;5.85;5.85;5.85;5.85;5.85;5.62;5.38;5.15;4.91;4.68
36;0;0.53;1.06;1.59;2.12;2.65;3.18;3.71;4.24;4.32;4.41;4.49;4.58;4.66;4.8;4.94;5.08;5.22;5.36;5.47;5.58;5.68;5.79;5.9;5.92;5.95;5.97;6;6.02;6.02;6.02;6.02;6.02;6.02;6.02;6.02;5.78;5.54;5.29;5.05;4.81
37;0;0.55;1.09;1.64;2.18;2.73;3.27;3.82;4.36;4.45;4.54;4.62;4.71;4.8;4.94;5.09;5.23;5.38;5.52;5.63;5.74;5.85;5.96;6.07;6.09;6.12;6.14;6.17;6.19;6.19;6.19;6.19;6.19;6.19;6.19;6.19;5.94;5.69;5.45;5.2;4.95
38;0;0.56;1.12;1.68;2.24;2.8;3.36;3.92;4.48;4.57;4.66;4.75;4.84;4.93;5.08;5.23;5.37;5.52;5.67;5.78;5.89;6.01;6.12;6.23;6.26;6.28;6.31;6.33;6.36;6.36;6.36;6.36;6.36;6.36;6.36;6.36;6.11;5.85;5.6;5.34;5.09
39;0;0.58;1.15;1.73;2.3;2.88;3.45;4.03;4.6;4.69;4.78;4.88;4.97;5.06;5.21;5.36;5.52;5.67;5.82;5.94;6.05;6.17;6.28;6.4;6.43;6.45;6.48;6.5;6.53;6.53;6.53;6.53;6.53;6.53;6.53;6.53;6.27;6.01;5.74;5.48;5.22
40;0;0.59;1.18;1.77;2.36;2.95;3.54;4.13;4.72;4.81;4.91;5;5.1;5.19;5.35;5.5;5.66;5.81;5.97;6.09;6.21;6.33;6.45;6.57;6.6;6.62;6.65;6.67;6.7;6.7;6.7;6.7;6.7;6.7;6.7;6.7;6.43;6.16;5.9;5.63;5.36
41;0;0.61;1.21;1.82;2.42;3.03;3.63;4.24;4.84;4.94;5.03;5.13;5.22;5.32;5.48;5.64;5.8;5.96;6.12;6.24;6.36;6.49;6.61;6.73;6.76;6.79;6.81;6.84;6.87;6.87;6.87;6.87;6.87;6.87;6.87;6.87;6.6;6.32;6.05;5.77;5.5
42;0;0.63;1.25;1.88;2.5;3.13;3.75;4.38;5;5.1;5.2;5.3;5.4;5.5;5.67;5.83;6;6.16;6.33;6.46;6.58;6.71;6.83;6.96;6.99;7.02;7.04;7.07;7.1;7.1;7.1;7.1;7.1;7.1;7.1;7.1;6.82;6.53;6.25;5.96;5.68
43;0;0.64;1.29;1.93;2.58;3.22;3.86;4.51;5.15;5.25;5.36;5.46;5.57;5.67;5.84;6.01;6.17;6.34;6.51;6.64;6.77;6.91;7.04;7.17;7.2;7.23;7.25;7.28;7.31;7.31;7.31;7.31;7.31;7.31;7.31;7.31;7.02;6.73;6.43;6.14;5.85
44;0;0.66;1.33;1.99;2.65;3.31;3.98;4.64;5.3;5.41;5.51;5.62;5.72;5.83;6;6.18;6.35;6.53;6.7;6.83;6.97;7.1;7.24;7.37;7.4;7.43;7.46;7.49;7.52;7.52;7.52;7.52;7.52;7.52;7.52;7.52;7.22;6.92;6.62;6.32;6.02
45;0;0.68;1.36;2.04;2.73;3.41;4.09;4.77;5.45;5.56;5.67;5.78;5.89;6;6.18;6.36;6.53;6.71;6.89;7.03;7.17;7.3;7.44;7.58;7.61;7.64;7.68;7.71;7.74;7.74;7.74;7.74;7.74;7.74;7.74;7.74;7.43;7.12;6.81;6.5;6.19
46;0;0.7;1.4;2.1;2.8;3.5;4.2;4.9;5.6;5.71;5.82;5.94;6.05;6.16;6.34;6.53;6.71;6.9;7.08;7.22;7.36;7.51;7.65;7.79;7.82;7.85;7.89;7.92;7.95;7.95;7.95;7.95;7.95;7.95;7.95;7.95;7.63;7.31;7;6.68;6.36
47;0;0.72;1.44;2.16;2.88;3.59;4.31;5.03;5.75;5.87;5.98;6.1;6.21;6.33;6.52;6.71;6.89;7.08;7.27;7.42;7.56;7.71;7.85;8;8.03;8.06;8.1;8.13;8.16;8.16;8.16;8.16;8.16;8.16;8.16;8.16;7.83;7.51;7.18;6.86;6.53
48;0;0.74;1.48;2.21;2.95;3.69;4.43;5.16;5.9;6.02;6.14;6.25;6.37;6.49;6.68;6.88;7.07;7.27;7.46;7.61;7.76;7.91;8.06;8.21;8.24;8.27;8.31;8.34;8.37;8.37;8.37;8.37;8.37;8.37;8.37;8.37;8.04;7.7;7.37;7.03;6.7
49;0;0.76;1.52;2.27;3.03;3.79;4.55;5.3;6.06;6.18;6.3;6.43;6.55;6.67;6.87;7.07;7.27;7.47;7.67;7.82;7.97;8.13;8.28;8.43;8.46;8.5;8.53;8.57;8.6;8.6;8.6;8.6;8.6;8.6;8.6;8.6;8.26;7.91;7.57;7.22;6.88
50;0;0.78;1.55;2.33;3.1;3.88;4.65;5.43;6.2;6.32;6.45;6.57;6.7;6.82;7.02;7.23;7.43;7.64;7.84;8;8.16;8.31;8.47;8.63;8.66;8.7;8.73;8.77;8.8;8.8;8.8;8.8;8.8;8.8;8.8;8.8;8.45;8.1;7.74;7.39;7.04
51;0;0.79;1.59;2.38;3.18;3.97;4.76;5.56;6.35;6.48;6.61;6.73;6.86;6.99;7.2;7.41;7.61;7.82;8.03;8.19;8.35;8.52;8.68;8.84;8.87;8.91;8.94;8.98;9.01;9.01;9.01;9.01;9.01;9.01;9.01;9.01;8.65;8.29;7.93;7.57;7.21
52;0;0.81;1.63;2.44;3.25;4.06;4.88;5.69;6.5;6.63;6.76;6.89;7.02;7.15;7.36;7.58;7.79;8.01;8.22;8.38;8.55;8.71;8.88;9.04;9.08;9.12;9.15;9.19;9.23;9.23;9.23;9.23;9.23;9.23;9.23;9.23;8.86;8.49;8.12;7.75;7.38
53;0;0.83;1.66;2.49;3.33;4.16;4.99;5.82;6.65;6.78;6.92;7.05;7.19;7.32;7.54;7.76;7.97;8.19;8.41;8.58;8.75;8.91;9.08;9.25;9.29;9.33;9.36;9.4;9.44;9.44;9.44;9.44;9.44;9.44;9.44;9.44;9.06;8.68;8.31;7.93;7.55
54;0;0.86;1.71;2.57;3.43;4.28;5.14;5.99;6.85;6.99;7.13;7.26;7.4;7.54;7.77;7.99;8.22;8.44;8.67;8.84;9.01;9.19;9.36;9.53;9.57;9.61;9.64;9.68;9.72;9.72;9.72;9.72;9.72;9.72;9.72;9.72;9.33;8.94;8.56;8.17;7.78
55;0;0.87;1.74;2.61;3.48;4.34;5.21;6.08;6.95;7.09;7.23;7.37;7.51;7.65;7.88;8.11;8.33;8.56;8.79;8.97;9.14;9.32;9.49;9.67;9.71;9.75;9.78;9.82;9.86;9.86;9.86;9.86;9.86;9.86;9.86;9.86;9.47;9.07;8.68;8.28;7.89
56;0;0.89;1.79;2.68;3.58;4.47;5.36;6.26;7.15;7.29;7.44;7.58;7.73;7.87;8.1;8.34;8.57;8.81;9.04;9.22;9.4;9.59;9.77;9.95;9.99;10.03;10.07;10.11;10.15;10.15;10.15;10.15;10.15;10.15;10.15;10.15;9.74;9.34;8.93;8.53;8.12
57;0;0.91;1.81;2.72;3.63;4.53;5.44;6.34;7.25;7.4;7.54;7.69;7.83;7.98;8.22;8.46;8.69;8.93;9.17;9.35;9.54;9.72;9.91;10.09;10.13;10.17;10.21;10.25;10.29;10.29;10.29;10.29;10.29;10.29;10.29;10.29;9.88;9.47;9.05;8.64;8.23
58;0;0.93;1.86;2.79;3.73;4.66;5.59;6.52;7.45;7.6;7.75;7.9;8.05;8.2;8.44;8.69;8.93;9.18;9.42;9.61;9.8;9.99;10.18;10.37;10.41;10.45;10.49;10.53;10.57;10.57;10.57;10.57;10.57;10.57;10.57;10.57;10.15;9.73;9.3;8.88;8.46
59;0;0.94;1.88;2.82;3.77;4.71;5.65;6.59;7.53;7.68;7.83;7.98;8.13;8.28;8.53;8.78;9.03;9.28;9.53;9.72;9.91;10.1;10.29;10.48;10.52;10.56;10.61;10.65;10.69;10.69;10.69;10.69;10.69;10.69;10.69;10.69;10.26;9.83;9.41;8.98;8.55
60;0;0.95;1.9;2.85;3.8;4.75;5.7;6.65;7.6;7.75;7.9;8.06;8.21;8.36;8.61;8.86;9.11;9.36;9.61;9.8;10;10.19;10.39;10.58;10.62;10.66;10.71;10.75;10.79;10.79;10.79;10.79;10.79;10.79;10.79;10.79;10.36;9.93;9.49;9.06;8.63
61;0;0.96;1.93;2.89;3.85;4.81;5.78;6.74;7.7;7.85;8.01;8.16;8.32;8.47;8.72;8.98;9.23;9.49;9.74;9.93;10.13;10.32;10.52;10.71;10.75;10.8;10.84;10.89;10.93;10.93;10.93;10.93;10.93;10.93;10.93;10.93;10.49;10.05;9.62;9.18;8.74
62;0;0.98;1.95;2.93;3.9;4.88;5.85;6.83;7.8;7.96;8.11;8.27;8.42;8.58;8.84;9.1;9.35;9.61;9.87;10.07;10.26;10.46;10.65;10.85;10.89;10.94;10.98;11.03;11.07;11.07;11.07;11.07;11.07;11.07;11.07;11.07;10.63;10.19;9.74;9.3;8.86
63;0;0.99;1.98;2.96;3.95;4.94;5.93;6.91;7.9;8.06;8.22;8.37;8.53;8.69;8.95;9.21;9.47;9.73;9.99;10.19;10.39;10.59;10.79;10.99;11.03;11.08;11.12;11.17;11.21;11.21;11.21;11.21;11.21;11.21;11.21;11.21;10.76;10.31;9.87;9.42;8.97
64;0;1;2;3;4;5;6;7;8;8.16;8.32;8.48;8.64;8.8;9.06;9.33;9.59;9.86;10.12;10.32;10.52;10.73;10.93;11.13;11.17;11.22;11.26;11.31;11.35;11.35;11.35;11.38;11.42;11.45;11.48;11.51;10.9;10.44;9.99;9.53;9.08
65;0;1.01;2.03;3.04;4.05;5.06;6.08;7.09;8.1;8.26;8.42;8.59;8.75;8.91;9.18;9.45;9.71;9.98;10.25;10.45;10.66;10.86;11.07;11.27;11.32;11.36;11.41;11.45;11.58;11.61;11.65;11.68;11.71;11.74;11.78;11.81;11.04;10.58;10.12;9.66;9.2
66;0;1.03;2.05;3.08;4.1;5.13;6.15;7.18;8.2;8.36;8.53;8.69;8.86;9.02;9.29;9.56;9.83;10.1;10.37;10.58;10.79;10.99;11.2;11.41;11.46;11.5;11.55;11.59;11.75;11.78;11.82;11.85;11.89;11.92;11.96;11.99;11.17;10.71;10.24;9.78;9.31
67;0;1.04;2.08;3.11;4.15;5.19;6.23;7.26;8.3;8.47;8.63;8.8;8.96;9.13;9.4;9.68;9.95;10.23;10.5;10.71;10.92;11.13;11.34;11.55;11.6;11.64;11.69;11.73;11.93;11.96;12;12.03;12.06;12.09;12.13;12.16;11.31;10.84;10.36;9.89;9.42
68;0;1.04;2.09;3.13;4.18;5.22;6.26;7.31;8.35;8.52;8.69;8.85;9.02;9.19;9.46;9.74;10.01;10.29;10.56;10.77;10.98;11.2;11.41;11.62;11.67;11.71;11.76;11.8;12.11;12.14;12.18;12.21;12.25;12.28;12.32;12.35;11.38;10.9;10.43;9.95;9.48
69;0;1.05;2.09;3.14;4.19;5.23;6.28;7.32;8.37;8.54;8.71;8.87;9.04;9.21;9.49;9.76;10.04;10.31;10.59;10.8;11.01;11.23;11.44;11.65;11.7;11.74;11.79;11.83;12.28;12.31;12.35;12.38;12.42;12.45;12.49;12.52;11.4;10.93;10.45;9.98;9.5
70;0;1.05;2.1;3.15;4.2;5.25;6.3;7.35;8.4;8.57;8.74;8.9;9.07;9.34;9.52;9.8;10.07;10.35;10.63;10.84;11.05;11.27;11.48;11.69;11.74;11.78;11.83;11.87;12.45;12.49;12.52;12.56;12.59;12.63;12.66;12.7;11.44;10.97;10.49;10.02;9.54
71;0;1.06;2.11;3.17;4.23;5.28;6.34;7.39;8.45;8.62;8.79;8.96;9.13;9.64;9.78;9.92;10.13;10.41;10.69;10.9;11.12;11.33;11.55;11.76;11.81;11.85;11.9;11.94;12.62;12.66;12.69;12.73;12.76;12.8;12.83;12.87;11.51;11.03;10.55;10.07;9.59
72;0;1.06;2.13;3.19;4.25;5.31;6.38;7.44;8.5;8.67;8.84;9.01;9.18;9.94;10.06;10.19;10.31;10.47;10.75;10.97;11.18;11.4;11.61;11.83;11.88;11.92;11.97;12.03;12.8;12.84;12.87;12.91;12.94;12.98;13.01;13.05;11.58;11.1;10.61;10.13;9.65
73;0;1.07;2.14;3.21;4.28;5.34;6.41;7.48;8.55;8.72;8.89;9.07;9.24;10.24;10.35;10.45;10.56;10.66;10.82;11.04;11.25;11.47;11.68;11.9;11.95;12;12.04;12.21;12.97;13.01;13.04;13.08;13.12;13.16;13.19;13.23;11.65;11.17;10.68;10.2;9.71
74;0;1.08;2.15;3.23;4.3;5.38;6.45;7.53;8.6;8.77;8.94;9.12;9.41;10.54;10.63;10.72;10.8;10.89;10.98;11.1;11.32;11.53;11.75;11.97;12.02;12.07;12.11;12.39;13.14;13.18;13.21;13.25;13.29;13.33;13.36;13.4;11.72;11.23;10.74;10.25;9.76
75;0;1.09;2.18;3.26;4.35;5.44;6.53;7.61;8.7;8.87;9.05;9.22;9.65;10.84;10.91;10.98;11.06;11.13;11.2;11.23;11.45;11.67;11.89;12.11;12.16;12.21;12.25;12.57;13.31;13.35;13.39;13.43;13.46;13.5;13.54;13.58;11.86;11.36;10.87;10.37;9.88
76;0;1.09;2.19;3.28;4.38;5.47;6.56;7.66;8.75;8.93;9.1;9.28;9.75;10.95;11.04;11.13;11.23;11.32;11.41;11.29;11.51;11.74;11.96;12.18;12.23;12.28;12.32;12.74;13.48;13.52;13.56;13.6;13.63;13.67;13.71;13.75;11.92;11.43;10.93;10.44;9.94
77;0;1.1;2.2;3.3;4.4;5.5;6.6;7.7;8.8;8.98;9.15;9.33;9.86;11.07;11.18;11.29;11.39;11.5;11.61;11.35;11.58;11.8;12.03;12.25;12.3;12.35;12.39;12.92;13.65;13.69;13.73;13.77;13.81;13.85;13.89;13.93;12.07;11.49;10.99;10.49;9.99
78;0;1.11;2.23;3.34;4.45;5.56;6.68;7.79;8.9;9.08;9.26;9.43;9.95;11.18;11.31;11.44;11.56;11.69;11.82;11.48;11.71;11.93;12.16;12.38;12.43;12.48;12.53;13.09;13.82;13.86;13.9;13.94;13.97;14.01;14.05;14.09;12.23;11.62;11.12;10.61;10.11
79;0;1.13;2.25;3.38;4.5;5.63;6.75;7.88;9;9.18;9.36;9.54;10.06;11.3;11.45;11.59;11.74;11.88;12.03;11.62;11.84;12.07;12.29;12.52;12.57;12.62;12.67;13.26;13.99;14.03;14.07;14.11;14.15;14.19;14.23;14.27;12.41;11.75;11.24;10.73;10.22
80;0;1.13;2.26;3.39;4.52;5.64;6.77;7.9;9.03;9.21;9.39;9.57;10.16;11.42;11.58;11.75;11.91;12.08;12.24;11.65;11.88;12.11;12.34;12.57;12.62;12.67;12.72;13.43;14.16;14.2;14.24;14.28;14.32;14.36;14.4;14.44;12.58;11.79;11.28;10.76;10.25
81;0;1.13;2.27;3.4;4.53;5.66;6.8;7.93;9.06;9.24;9.42;9.61;10.21;11.48;11.67;11.87;12.06;12.26;12.45;11.69;11.92;12.15;12.38;12.61;12.66;12.71;12.84;13.59;14.33;14.37;14.41;14.45;14.49;14.53;14.57;14.61;12.74;11.83;11.32;10.8;10.29
82;0;1.14;2.28;3.42;4.56;5.7;6.84;7.98;9.12;9.3;9.48;9.67;10.23;11.51;11.74;11.97;12.2;12.43;12.66;11.88;12;12.23;12.46;12.69;12.74;12.79;12.99;13.74;14.5;14.54;14.58;14.62;14.67;14.71;14.75;14.79;12.92;11.91;11.39;10.88;10.36
83;0;1.14;2.29;3.43;4.58;5.72;6.86;8.01;9.15;9.33;9.52;9.7;10.27;11.55;11.81;12.08;12.34;12.61;12.87;12.1;12.03;12.27;12.5;12.73;12.78;12.83;13.13;13.9;14.67;14.71;14.75;14.79;14.84;14.88;14.92;14.96;13.09;11.95;11.43;10.91;10.39
84;0;1.15;2.3;3.44;4.59;5.74;6.89;8.03;9.18;9.36;9.55;9.73;10.3;11.59;11.89;12.19;12.48;12.78;13.08;12.31;12.07;12.31;12.54;12.77;12.82;12.87;13.28;14.06;14.85;14.89;14.94;14.98;15.02;15.06;15.11;15.15;13.28;11.99;11.46;10.94;10.42
85;0;1.15;2.3;3.45;4.6;5.75;6.9;8.05;9.2;9.38;9.57;9.75;10.31;11.59;11.93;12.27;12.61;12.95;13.29;12.53;12.1;12.34;12.57;12.8;12.85;12.9;13.42;14.22;15.02;15.06;15.11;15.15;15.19;15.23;15.28;15.32;13.44;12.02;11.49;10.97;10.45
86;0;1.15;2.31;3.46;4.62;5.77;6.92;8.08;9.23;9.41;9.6;9.78;10.35;11.64;12.04;12.44;12.83;13.23;13.63;12.85;12.14;12.38;12.61;12.84;12.89;12.94;13.57;14.38;15.19;15.23;15.28;15.32;15.37;15.41;15.46;15.5;13.62;12.05;11.53;11;10.48
87;0;1.16;2.31;3.47;4.63;5.78;6.94;8.09;9.25;9.44;9.62;9.81;10.4;11.7;12.15;12.61;13.06;13.52;13.97;13.16;12.35;12.4;12.64;12.87;12.92;12.97;13.71;14.54;15.36;15.4;15.45;15.49;15.54;15.58;15.63;15.67;13.79;12.08;11.55;11.03;10.5
88;0;1.16;2.33;3.49;4.65;5.81;6.98;8.14;9.3;9.49;9.67;9.86;10.44;11.75;12.26;12.78;13.29;13.81;14.32;13.49;12.66;12.47;12.7;12.94;12.99;13.04;13.85;14.69;15.53;15.57;15.62;15.66;15.71;15.75;15.8;15.84;13.96;12.14;11.62;11.09;10.56
89;0;1.17;2.34;3.51;4.68;5.84;7.01;8.18;9.35;9.54;9.73;9.91;10.49;11.8;12.37;12.94;13.52;14.09;14.66;13.81;12.95;12.54;12.77;13.01;13.06;13.15;14.01;14.86;15.71;15.76;15.8;15.85;15.89;15.94;15.98;16.03;14.14;12.26;11.68;11.15;10.62
90;0;1.18;2.35;3.53;4.7;5.88;7.05;8.23;9.4;9.59;9.78;9.96;10.53;11.85;12.47;13.1;13.72;14.35;14.97;14.1;13.23;12.6;12.84;13.08;13.13;13.29;14.16;15.02;15.89;15.93;15.98;16.02;16.07;16.11;16.16;16.2;14.3;12.4;11.74;11.2;10.67
91;0;1.17;2.34;3.51;4.68;5.84;7.01;8.18;9.35;9.54;9.73;9.91;10.55;11.86;12.5;13.14;13.78;14.42;15.06;14.22;13.38;12.54;12.77;13.01;13.06;13.42;14.3;15.18;16.06;16.11;16.15;16.2;16.24;16.29;16.33;16.38;14.47;12.56;11.68;11.15;10.62
92;0;1.16;2.33;3.49;4.65;5.81;6.98;8.14;9.3;9.49;9.67;9.86;10.58;11.88;12.53;13.18;13.84;14.49;15.14;14.32;13.51;12.69;12.7;12.94;12.99;13.55;14.44;15.33;16.22;16.27;16.31;16.36;16.4;16.45;16.49;16.54;14.62;12.7;11.62;11.09;10.56
93;0;1.15;2.3;3.45;4.6;5.75;6.9;8.05;9.2;9.38;9.57;9.75;10.62;11.9;12.57;13.23;13.9;14.56;15.23;14.42;13.61;12.81;12.57;12.8;12.85;13.68;14.58;15.49;16.39;16.44;16.48;16.53;16.58;16.63;16.67;16.72;14.78;12.85;11.49;10.97;10.45
94;0;1.13;2.25;3.38;4.5;5.63;6.75;7.88;9;9.18;9.36;9.54;10.66;11.92;12.6;13.28;13.95;14.63;15.31;14.51;13.72;12.92;12.29;12.52;12.9;13.81;14.73;15.64;16.56;16.61;16.65;16.7;16.75;16.8;16.84;16.89;14.94;12.99;11.24;10.73;10.22
95;0;1.11;2.23;3.34;4.45;5.56;6.68;7.79;8.9;9.08;9.26;9.44;10.69;11.94;12.63;13.32;14.02;14.71;15.4;14.61;13.82;13.04;12.25;12.38;13.01;13.94;14.86;15.79;16.72;16.77;16.82;16.87;16.91;16.96;17.01;17.06;15.1;13.14;11.18;10.61;10.11
96;0;1.09;2.18;3.26;4.35;5.44;6.53;7.61;8.7;8.87;9.05;9.49;10.72;11.95;12.66;13.37;14.07;14.78;15.49;14.71;13.93;13.15;12.37;12.19;13.13;14.07;15.02;15.96;16.9;16.95;17;17.05;17.09;17.14;17.19;17.24;15.27;13.29;11.32;10.37;9.88
97;0;1.06;2.13;3.19;4.25;5.31;6.38;7.44;8.5;8.67;8.84;9.54;10.76;11.97;12.69;13.41;14.13;14.85;15.57;14.8;14.03;13.26;12.49;12.29;13.25;14.2;15.16;16.11;17.07;17.12;17.17;17.22;17.26;17.31;17.36;17.41;15.42;13.44;11.45;10.13;9.65
98;0;1;2;3;4;5;6;7;8;8.16;8.47;9.59;10.78;11.98;12.72;13.45;14.19;14.92;15.66;14.9;14.14;13.37;12.67;12.4;13.37;14.34;15.3;16.27;17.24;17.29;17.34;17.39;17.44;17.49;17.54;17.59;15.59;13.59;11.59;9.59;9.08
99;0;1;2;3;4;5;6;7;8;8.4;8.8;9.64;10.82;12;12.75;13.5;14.24;14.99;15.74;14.99;14.24;13.49;12.95;12.61;13.57;14.53;15.5;16.46;17.42;17.47;17.52;17.57;17.61;17.66;17.71;17.76;15.75;13.74;11.72;9.71;8.86
100;0;1.04;2.08;3.11;4.15;5.19;6.23;7.26;8.3;8.72;9.13;9.69;10.85;12.01;12.77;13.54;14.3;15.07;15.83;15.09;14.34;13.6;13.12;12.69;13.67;14.65;15.63;16.61;17.59;17.64;17.69;17.74;17.79;17.84;17.89;17.94;15.91;13.89;11.86;9.84;8.63
101;0;1.08;2.15;3.23;4.3;5.38;6.45;7.53;8.6;9.03;9.46;9.89;10.88;12.03;12.81;13.59;14.36;15.14;15.92;15.19;14.45;13.82;13.3;12.78;13.78;14.78;15.77;16.77;17.77;17.82;17.87;17.92;17.97;18.02;18.07;18.12;16.08;14.04;12;9.96;8.52
102;0;1.11;2.23;3.34;4.45;5.56;6.68;7.79;8.9;9.35;9.79;10.24;10.92;12.05;12.84;13.63;14.42;15.21;16;15.3;14.69;14.08;13.47;12.86;13.88;14.89;15.91;16.92;17.94;17.99;18.04;18.09;18.15;18.2;18.25;18.3;16.25;14.19;12.14;10.08;8.29
103;0;1.14;2.28;3.41;4.55;5.69;6.83;7.96;9.1;9.56;10.01;10.47;10.95;12.06;12.87;13.67;14.48;15.29;16.27;15.6;14.94;14.27;13.61;12.94;13.97;15.01;16.04;17.08;18.11;18.16;18.21;18.26;18.32;18.37;18.42;18.47;16.4;14.34;12.27;10.21;8.18
104;0;1.15;2.3;3.45;4.6;5.75;6.9;8.05;9.2;9.66;10.12;10.58;11.04;12.08;12.9;13.72;14.54;15.46;16.45;15.76;15.08;14.39;13.71;13.02;14.07;15.12;16.18;17.23;18.28;18.33;18.38;18.43;18.49;18.54;18.59;18.64;16.56;14.48;12.41;10.33;8.25
105;0;1.16;2.33;3.49;4.65;5.81;6.98;8.14;9.3;9.77;10.23;10.7;11.16;12.1;12.93;13.76;14.62;15.62;16.62;15.92;15.22;14.51;13.81;13.11;14.18;15.25;16.32;17.39;18.46;18.51;18.57;18.62;18.67;18.72;18.78;18.83;16.74;14.64;12.55;10.45;8.36
106;0;1.17;2.34;3.51;4.68;5.84;7.01;8.18;9.35;9.82;10.29;10.75;11.22;12.12;12.97;13.81;14.7;15.71;16.71;16.01;15.3;14.6;13.89;13.19;14.25;15.31;16.37;17.43;18.49;18.54;18.6;18.65;18.7;18.75;18.81;18.86;16.78;14.7;12.63;10.55;8.47
107;0;1.17;2.34;3.51;4.69;5.86;7.03;8.2;9.37;9.84;10.31;10.77;11.24;12.14;13;13.86;14.73;15.74;16.75;16.05;15.36;14.66;13.97;13.27;14.32;15.37;16.41;17.46;18.51;18.56;18.62;18.67;18.72;18.77;18.83;18.88;16.82;14.76;12.7;10.64;8.58
108;0;1.17;2.35;3.52;4.69;5.86;7.04;8.21;9.38;9.85;10.32;10.79;11.26;12.15;13.02;13.89;14.77;15.76;16.77;16.09;15.41;14.72;14.04;13.36;14.4;15.43;16.47;17.5;18.54;18.59;18.65;18.7;18.75;18.8;18.86;18.91;16.87;14.82;12.78;10.73;8.69
109;0;1.17;2.35;3.52;4.7;5.87;7.04;8.22;9.39;9.86;10.33;10.8;11.27;12.17;13.06;13.94;14.83;15.77;16.78;16.11;15.44;14.78;14.11;13.44;14.47;15.49;16.52;17.54;18.57;18.62;18.68;18.73;18.78;18.83;18.89;18.94;16.91;14.88;12.86;10.83;8.8
110;0;1.18;2.35;3.53;4.7;5.88;7.05;8.23;9.4;9.87;10.34;10.81;11.28;12.19;13.09;13.99;14.88;15.79;16.8;16.14;15.49;14.83;14.18;13.52;14.54;15.55;16.57;17.58;18.6;18.65;18.71;18.76;18.82;18.87;18.93;18.98;16.97;14.95;12.94;10.92;8.91
111;0;1.17;2.35;3.52;4.69;5.86;7.04;8.21;9.38;9.85;10.32;10.79;11.26;12.2;13.11;14.02;14.94;15.85;16.77;16.14;15.51;14.87;14.24;13.61;14.59;15.57;16.54;17.52;18.5;18.55;18.6;18.65;18.71;18.76;18.81;18.86;16.89;14.92;12.96;10.99;9.02
112;0;1.17;2.34;3.51;4.68;5.85;7.02;8.19;9.36;9.83;10.3;10.76;11.25;12.22;13.15;14.07;15;15.92;16.85;16.22;15.59;14.96;14.33;13.7;14.63;15.57;16.51;17.45;18.39;18.44;18.49;18.54;18.6;18.65;18.7;18.75;16.83;14.9;12.98;11.05;9.13
113;0;1.17;2.34;3.5;4.67;5.84;7.01;8.17;9.34;9.81;10.28;10.74;11.27;12.23;13.17;14.11;15.06;16;16.94;16.32;15.7;15.07;14.45;13.83;14.67;15.57;16.48;17.38;18.28;18.33;18.38;18.43;18.49;18.54;18.59;18.64;16.76;14.88;13;11.12;9.24
114;0;1.16;2.32;3.48;4.64;5.8;6.96;8.12;9.28;9.74;10.21;10.67;11.31;12.25;13.2;14.16;15.11;16.07;17.02;16.41;15.8;15.18;14.57;13.96;14.72;15.59;16.45;17.32;18.18;18.23;18.28;18.33;18.39;18.44;18.49;18.54;16.7;14.86;13.03;11.19;9.35
115;0;1.16;2.31;3.47;4.63;5.78;6.94;8.09;9.25;9.71;10.17;10.64;11.33;12.27;13.24;14.21;15.17;16.14;17.11;16.51;15.9;15.3;14.69;14.09;14.77;15.59;16.42;17.24;18.07;18.12;18.17;18.22;18.28;18.33;18.38;18.43;16.64;14.84;13.05;11.25;9.46
116;0;1.15;2.31;3.46;4.62;5.77;6.92;8.08;9.23;9.69;10.15;10.62;11.33;12.26;13.25;14.24;15.22;16.21;17.2;16.61;16.01;15.42;14.82;14.23;14.81;15.6;16.38;17.17;17.96;18.01;18.06;18.11;18.17;18.22;18.27;18.32;16.57;14.82;13.07;11.32;9.57
117;0;1.15;2.3;3.45;4.61;5.76;6.91;8.06;9.21;9.67;10.13;10.59;11.33;12.25;13.26;14.26;15.27;16.27;17.28;16.7;16.11;15.53;14.94;14.36;14.86;15.61;16.35;17.1;17.85;17.9;17.95;18;18.05;18.1;18.15;18.2;16.5;14.79;13.09;11.38;9.68
118;0;1.15;2.3;3.45;4.6;5.75;6.9;8.05;9.2;9.66;10.11;10.57;11.34;12.25;13.27;14.3;15.32;16.35;17.37;16.79;16.22;15.64;15.07;14.49;14.86;15.58;16.3;17.02;17.74;17.79;17.84;17.89;17.94;17.99;18.04;18.09;16.43;14.77;13.11;11.45;9.79
119;0;1.15;2.29;3.44;4.59;5.73;6.88;8.02;9.17;9.63;10.08;10.54;11.34;12.24;13.28;14.32;15.37;16.41;17.45;16.88;16.32;15.75;15.19;14.62;14.91;15.56;16.25;16.94;17.63;17.68;17.73;17.78;17.83;17.88;17.93;17.98;16.36;14.75;13.13;11.52;9.9
120;0;1.14;2.28;3.42;4.56;5.7;6.84;7.98;9.12;9.57;10.02;10.48;11.34;12.23;13.29;14.35;15.42;16.48;17.54;16.98;16.42;15.87;15.31;14.75;15.05;15.53;16.19;16.85;17.51;17.56;17.61;17.66;17.71;17.76;17.81;17.86;16.28;14.71;13.13;11.56;9.98
121;0;1.13;2.26;3.39;4.53;5.66;6.79;7.92;9.05;9.5;9.95;10.48;11.35;12.23;13.31;14.39;15.47;16.55;17.63;17.08;16.53;15.98;15.43;14.88;15.18;15.52;16.15;16.79;17.42;17.47;17.52;17.57;17.61;17.66;17.71;17.76;16.22;14.68;13.15;11.61;10.07
122;0;1.13;2.25;3.38;4.5;5.63;6.75;7.88;9;9.45;9.89;10.5;11.36;12.23;13.33;14.42;15.52;16.61;17.71;17.17;16.63;16.1;15.56;15.02;15.32;15.62;16.1;16.71;17.31;17.36;17.41;17.46;17.5;17.55;17.6;17.65;16.15;14.65;13.14;11.64;10.14
123;0;1.11;2.23;3.34;4.45;5.56;6.68;7.79;8.9;9.35;9.79;10.52;11.37;12.23;13.34;14.46;15.57;16.69;17.8;17.27;16.74;16.21;15.68;15.15;15.45;15.76;16.06;16.62;17.2;17.25;17.3;17.35;17.39;17.44;17.49;17.54;16.08;14.62;13.15;11.69;10.23
124;0;1.1;2.2;3.3;4.4;5.5;6.6;7.7;8.8;9.24;9.69;10.54;11.38;12.23;13.36;14.49;15.63;16.76;17.89;17.37;16.85;16.32;15.8;15.28;15.59;15.89;16.2;16.54;17.09;17.14;17.19;17.24;17.29;17.41;17.53;17.65;16.17;14.7;13.22;11.75;10.31
125;0;1.09;2.18;3.26;4.35;5.44;6.53;7.61;8.7;9.14;9.72;10.56;11.39;12.23;13.38;14.53;15.67;16.82;17.97;17.46;16.95;16.43;15.92;15.41;15.72;16.03;16.33;16.64;16.99;17.07;17.19;17.31;17.44;17.56;17.68;17.8;16.33;14.86;13.4;11.93;10.46
126;0;1.08;2.15;3.23;4.3;5.38;6.45;7.53;8.6;9.03;9.72;10.56;11.39;12.23;13.38;14.53;15.67;16.82;17.97;17.48;17;16.51;16.03;15.54;15.85;16.16;16.47;16.78;17.09;17.21;17.34;17.46;17.58;17.7;17.83;17.95;16.49;15.03;13.57;12.11;10.65
127;0;1.06;2.13;3.19;4.25;5.31;6.38;7.44;8.5;8.93;9.75;10.58;11.4;12.23;13.38;14.53;15.67;16.82;17.97;17.51;17.05;16.6;16.14;15.68;15.99;16.3;16.62;16.93;17.24;17.36;17.49;17.61;17.73;17.85;17.98;18.1;16.65;15.2;13.74;12.29;10.84
128;0;1.05;2.1;3.15;4.2;5.25;6.3;7.35;8.4;8.97;9.78;10.6;11.41;12.23;13.38;14.53;15.67;16.82;17.97;17.54;17.1;16.67;16.23;15.8;16.12;16.43;16.75;17.06;17.38;17.5;17.63;17.75;17.88;18;18.13;18.25;16.81;15.36;13.92;12.47;11.03
129;0;1.04;2.08;3.11;4.15;5.19;6.23;7.26;8.3;9.01;9.81;10.62;11.42;12.23;13.38;14.53;15.67;16.82;17.97;17.55;17.13;16.7;16.28;15.86;16.18;16.49;16.81;17.12;17.44;17.56;17.69;17.81;17.94;18.06;18.19;18.31;16.89;15.47;14.06;12.64;11.22
130;0;1.03;2.06;3.09;4.13;5.16;6.19;7.22;8.25;9.05;9.84;10.64;11.43;12.23;13.38;14.53;15.67;16.82;17.97;17.57;17.17;16.78;16.38;15.98;16.3;16.62;16.94;17.26;17.58;17.71;17.83;17.96;18.08;18.21;18.33;18.46;17.05;15.64;14.23;12.82;11.41
131;0;1.04;2.08;3.11;4.15;5.19;6.23;7.26;8.3;9.08;9.85;10.63;11.4;12.18;13.31;14.44;15.56;16.69;17.82;17.45;17.07;16.7;16.32;15.95;16.27;16.59;16.9;17.22;17.54;17.67;17.79;17.92;18.04;18.17;18.29;18.42;17.06;15.69;14.33;12.96;11.6
132;0;1.04;2.09;3.13;4.18;5.22;6.26;7.31;8.35;9.11;9.86;10.62;11.37;12.13;13.24;14.35;15.46;16.57;17.68;17.33;16.97;16.62;16.26;15.91;16.23;16.55;16.86;17.18;17.5;17.62;17.75;17.87;18;18.12;18.25;18.37;17.05;15.74;14.42;13.11;11.79
133;0;1.05;2.1;3.15;4.2;5.25;6.3;7.35;8.4;9.13;9.87;10.6;11.34;12.07;13.16;14.25;15.35;16.44;17.53;17.2;16.87;16.53;16.2;15.87;16.19;16.51;16.82;17.14;17.46;17.58;17.71;17.83;17.96;18.08;18.21;18.33;17.06;15.79;14.52;13.25;11.98
134;0;1.06;2.11;3.17;4.23;5.28;6.34;7.39;8.45;9.16;9.88;10.59;11.31;12.02;13.09;14.16;15.24;16.31;17.38;17.07;16.76;16.45;16.14;15.83;16.15;16.46;16.78;17.09;17.41;17.53;17.66;17.78;17.91;18.03;18.16;18.28;17.06;15.84;14.61;13.39;12.17
135;0;1.06;2.13;3.19;4.25;5.31;6.38;7.44;8.5;9.19;9.89;10.58;11.28;11.97;13.02;14.07;15.13;16.18;17.23;16.94;16.65;16.37;16.08;15.79;16.11;16.42;16.74;17.05;17.37;17.49;17.62;17.74;17.86;17.98;18.11;18.23;17.06;15.88;14.71;13.53;12.36
136;0;1.06;2.11;3.17;4.23;5.28;6.34;7.39;8.45;9.13;9.81;10.49;11.17;11.85;12.9;13.95;14.99;16.04;17.09;16.82;16.55;16.29;16.02;15.75;16.07;16.38;16.7;17.01;17.33;17.45;17.58;17.7;17.82;17.94;18.07;18.19;17.04;15.89;14.75;13.6;12.45
137;0;1.05;2.1;3.15;4.2;5.25;6.3;7.35;8.4;9.07;9.73;10.4;11.06;11.73;12.77;13.81;14.86;15.9;16.94;16.69;16.45;16.2;15.96;15.71;16.02;16.34;16.65;16.97;17.28;17.4;17.53;17.65;17.77;17.89;18.02;18.14;17.02;15.9;14.78;13.66;12.54
138;0;1.04;2.09;3.13;4.18;5.22;6.26;7.31;8.35;9;9.65;10.31;10.96;11.61;12.65;13.69;14.72;15.76;16.8;16.57;16.35;16.12;15.9;15.67;15.98;16.29;16.61;16.92;17.23;17.35;17.48;17.6;17.73;17.85;17.98;18.1;17.01;15.91;14.82;13.72;12.63
139;0;1.04;2.08;3.11;4.15;5.19;6.23;7.26;8.3;8.94;9.57;10.21;10.84;11.48;12.51;13.55;14.58;15.62;16.65;16.44;16.24;16.03;15.83;15.62;15.93;16.24;16.56;16.87;17.18;17.3;17.43;17.55;17.67;17.79;17.92;18.04;16.98;15.91;14.85;13.78;12.72
140;0;1.03;2.06;3.09;4.13;5.16;6.19;7.22;8.25;8.87;9.49;10.12;10.74;11.36;12.39;13.42;14.45;15.48;16.51;16.33;16.14;15.96;15.77;15.59;15.9;16.21;16.52;16.83;17.14;17.26;17.39;17.51;17.63;17.75;17.88;18;16.96;15.92;14.89;13.85;12.81
141;0;1.02;2.03;3.05;4.06;5.08;6.09;7.11;8.12;8.74;9.37;9.99;10.62;11.24;12.26;13.29;14.31;15.34;16.36;16.2;16.03;15.87;15.7;15.54;15.85;16.16;16.47;16.78;17.09;17.21;17.34;17.46;17.58;17.7;17.83;17.95;16.94;15.93;14.92;13.91;12.9
142;0;1;2.01;3.01;4.02;5.02;6.02;7.03;8.03;8.65;9.27;9.88;10.5;11.12;12.14;13.16;14.18;15.2;16.22;16.08;15.93;15.79;15.64;15.5;15.81;16.12;16.43;16.74;17.05;17.17;17.3;17.42;17.54;17.66;17.79;17.91;16.93;15.94;14.96;13.97;12.99
143;0;0.99;1.98;2.96;3.95;4.94;5.93;6.91;7.9;8.52;9.14;9.76;10.38;11;12.01;13.03;14.04;15.06;16.07;15.95;15.83;15.71;15.59;15.47;15.78;16.09;16.39;16.7;17.01;17.13;17.25;17.37;17.5;17.62;17.74;17.86;16.9;15.95;14.99;14.04;13.08
144;0;0.98;1.96;2.93;3.91;4.89;5.87;6.84;7.82;8.43;9.04;9.66;10.27;10.88;11.89;12.9;13.91;14.92;15.93;15.83;15.73;15.63;15.53;15.43;15.74;16.05;16.35;16.66;16.97;17.09;17.21;17.33;17.46;17.58;17.7;17.82;16.89;15.96;15.03;14.1;13.17
145;0;0.97;1.94;2.91;3.88;4.84;5.81;6.78;7.75;8.35;8.95;9.56;10.16;10.76;11.77;12.77;13.78;14.78;15.79;15.71;15.63;15.55;15.47;15.39;15.7;16.01;16.31;16.62;16.93;17.05;17.17;17.29;17.42;17.54;17.66;17.78;16.88;15.97;15.07;14.16;13.26
146;0;0.95;1.91;2.86;3.82;4.77;5.72;6.68;7.63;8.23;8.83;9.44;10.04;10.64;11.64;12.64;13.64;14.64;15.64;15.58;15.52;15.47;15.41;15.35;15.66;15.96;16.27;16.57;16.88;17;17.12;17.24;17.36;17.48;17.6;17.72;16.85;15.97;15.1;14.22;13.35
147;0;0.94;1.88;2.81;3.75;4.69;5.63;6.56;7.5;8.1;8.71;9.31;9.92;10.52;11.52;12.51;13.51;14.5;15.5;15.46;15.42;15.39;15.35;15.31;15.62;15.92;16.23;16.53;16.84;16.96;17.08;17.2;17.32;17.44;17.56;17.68;16.83;15.98;15.14;14.29;13.44
148;0;0.93;1.86;2.78;3.71;4.64;5.57;6.49;7.42;8.02;8.61;9.21;9.8;10.4;11.39;12.38;13.37;14.36;15.35;15.33;15.31;15.3;15.28;15.26;15.57;15.87;16.18;16.48;16.79;16.91;17.03;17.15;17.27;17.39;17.51;17.63;16.81;15.99;15.17;14.35;13.53
149;0;0.92;1.84;2.76;3.69;4.61;5.53;6.45;7.37;7.95;8.53;9.11;9.69;10.27;11.26;12.25;13.23;14.22;15.21;15.21;15.21;15.22;15.22;15.22;15.52;15.83;16.13;16.44;16.74;16.86;16.98;17.1;17.22;17.34;17.46;17.58;16.79;16;15.2;14.41;13.62
150;0;0.91;1.83;2.74;3.65;4.56;5.48;6.39;7.3;7.87;8.44;9.01;9.58;10.15;11.13;12.11;13.1;14.08;15.06;15.08;15.11;15.13;15.16;15.18;15.48;15.79;16.09;16.4;16.7;16.82;16.94;17.06;17.17;17.29;17.41;17.53;16.77;16;15.24;14.47;13.71
151;0;0.9;1.8;2.7;3.6;4.5;5.4;6.3;7.2;7.77;8.34;8.92;9.49;10.06;11.03;12;12.98;13.95;14.92;14.95;14.97;15;15.02;15.05;15.35;15.65;15.95;16.25;16.55;16.67;16.79;16.91;17.02;17.14;17.26;17.38;16.66;15.95;15.23;14.52;13.8
152;0;0.89;1.78;2.66;3.55;4.44;5.33;6.21;7.1;7.67;8.24;8.82;9.39;9.96;10.92;11.88;12.85;13.81;14.77;14.8;14.83;14.85;14.88;14.91;15.21;15.51;15.8;16.1;16.4;16.52;16.63;16.75;16.87;16.99;17.1;17.22;16.55;15.89;15.22;14.56;13.89
153;0;0.88;1.75;2.63;3.5;4.38;5.25;6.13;7;7.57;8.14;8.72;9.29;9.86;10.81;11.77;12.72;13.68;14.63;14.66;14.69;14.72;14.75;14.78;15.08;15.37;15.67;15.96;16.26;16.38;16.49;16.61;16.72;16.84;16.95;17.07;16.45;15.83;15.22;14.6;13.98
154;0;0.86;1.73;2.59;3.45;4.31;5.18;6.04;6.9;7.47;8.05;8.62;9.2;9.77;10.71;11.65;12.6;13.54;14.48;14.51;14.55;14.58;14.62;14.65;14.94;15.23;15.53;15.82;16.11;16.23;16.34;16.46;16.57;16.69;16.8;16.92;16.35;15.78;15.21;14.64;14.07
155;0;0.85;1.7;2.55;3.4;4.25;5.1;5.95;6.8;7.37;7.95;8.52;9.1;9.67;10.6;11.54;12.47;13.41;14.34;14.37;14.41;14.44;14.48;14.51;14.8;15.09;15.38;15.67;15.96;16.07;16.19;16.3;16.42;16.53;16.65;16.76;16.24;15.72;15.2;14.68;14.16
156;0;0.84;1.68;2.51;3.35;4.19;5.03;5.86;6.7;7.27;7.85;8.42;9;9.57;10.49;11.42;12.34;13.27;14.19;14.21;14.23;14.25;14.27;14.29;14.58;14.86;15.15;15.43;15.72;15.83;15.94;16.05;16.17;16.28;16.39;16.5;16.05;15.6;15.15;14.7;14.25
157;0;0.83;1.65;2.48;3.3;4.13;4.95;5.78;6.6;7.18;7.75;8.33;8.9;9.48;10.39;11.3;12.22;13.13;14.04;14.04;14.05;14.05;14.06;14.06;14.34;14.62;14.91;15.19;15.47;15.58;15.69;15.8;15.91;16.02;16.13;16.24;15.86;15.48;15.1;14.72;14.34
158;0;0.81;1.63;2.44;3.25;4.06;4.88;5.69;6.5;7.08;7.66;8.23;8.81;9.39;10.29;11.19;12.09;12.99;13.89;13.88;13.87;13.86;13.85;13.84;14.12;14.39;14.67;14.94;15.22;15.33;15.44;15.55;15.65;15.76;15.87;15.98;15.67;15.36;15.05;14.74;14.43
159;0;0.8;1.6;2.4;3.2;4;4.8;5.6;6.4;6.98;7.56;8.13;8.71;9.29;10.18;11.07;11.97;12.86;13.75;13.72;13.69;13.67;13.64;13.61;13.88;14.15;14.43;14.7;14.97;15.08;15.18;15.29;15.4;15.51;15.61;15.72;15.48;15.24;15;14.76;14.52
160;0;0.79;1.58;2.36;3.15;3.94;4.73;5.51;6.3;6.88;7.46;8.04;8.62;9.2;10.08;10.96;11.84;12.72;13.6;13.56;13.52;13.47;13.43;13.39;13.66;13.93;14.19;14.46;14.73;14.83;14.94;15.04;15.15;15.25;15.36;15.46;15.29;15.12;14.95;14.78;14.61
161;0;0.78;1.55;2.33;3.1;3.88;4.65;5.43;6.2;6.79;7.38;7.96;8.55;9.14;10;10.86;11.72;12.58;13.44;13.38;13.33;13.27;13.22;13.16;13.42;13.69;13.95;14.22;14.48;14.58;14.69;14.79;14.89;14.99;15.1;15.2;15.1;15;14.9;14.8;14.7
162;0;0.76;1.53;2.29;3.05;3.81;4.58;5.34;6.1;6.69;7.28;7.87;8.46;9.05;9.9;10.75;11.59;12.44;13.29;13.22;13.15;13.08;13.01;12.94;13.2;13.46;13.71;13.97;14.23;14.33;14.43;14.53;14.64;14.74;14.84;14.94;14.91;14.88;14.85;14.82;14.79
163;0;0.75;1.5;2.25;3;3.75;4.5;5.25;6;6.59;7.19;7.78;8.38;8.97;9.8;10.64;11.47;12.31;13.14;13.05;12.97;12.88;12.8;12.71;12.96;13.22;13.47;13.73;13.98;14.08;14.18;14.28;14.37;14.47;14.57;14.67;14.71;14.75;14.8;14.84;14.88
164;0;0.74;1.48;2.21;2.95;3.69;4.43;5.16;5.9;6.5;7.09;7.69;8.28;8.88;9.7;10.52;11.34;12.16;12.98;12.88;12.78;12.68;12.58;12.48;12.73;12.98;13.23;13.48;13.73;13.83;13.92;14.02;14.12;14.22;14.31;14.41;14.53;14.65;14.76;14.88;15
165;0;0.73;1.45;2.18;2.9;3.63;4.35;5.08;5.8;6.38;6.96;7.55;8.13;8.71;9.54;10.37;11.21;12.04;12.87;12.75;12.63;12.5;12.38;12.26;12.5;12.75;12.99;13.24;13.48;13.58;13.67;13.77;13.86;13.96;14.05;14.15;14.34;14.53;14.72;14.91;15.1
166;0;0.71;1.43;2.14;2.85;3.56;4.28;4.99;5.7;6.28;6.86;7.43;8.01;8.59;9.42;10.25;11.07;11.9;12.73;12.59;12.45;12.31;12.17;12.03;12.27;12.51;12.75;12.99;13.23;13.32;13.42;13.51;13.61;13.7;13.8;13.89;14.15;14.41;14.68;14.94;15.2
167;0;0.7;1.4;2.1;2.8;3.5;4.2;4.9;5.6;6.17;6.75;7.32;7.9;8.47;9.29;10.11;10.94;11.76;12.58;12.43;12.27;12.12;11.96;11.81;12.05;12.28;12.52;12.75;12.99;13.08;13.18;13.27;13.36;13.45;13.55;13.64;13.97;14.3;14.64;14.97;15.3
168;0;0.69;1.38;2.06;2.75;3.44;4.13;4.81;5.5;6.07;6.64;7.22;7.79;8.36;9.18;9.99;10.81;11.62;12.44;12.27;12.1;11.94;11.77;11.6;11.83;12.06;12.29;12.52;12.75;12.84;12.93;13.02;13.12;13.21;13.3;13.39;13.79;14.19;14.6;15;15.4
169;0;0.68;1.35;2.03;2.7;3.38;4.05;4.73;5.4;5.97;6.54;7.1;7.67;8.24;9.05;9.86;10.68;11.49;12.3;12.12;11.93;11.75;11.56;11.38;11.61;11.84;12.06;12.29;12.52;12.61;12.7;12.79;12.87;12.96;13.05;13.14;13.61;14.08;14.56;15.03;15.5
170;0;0.66;1.33;1.99;2.65;3.31;3.98;4.64;5.3;5.86;6.43;6.99;7.56;8.12;8.93;9.73;10.54;11.34;12.15;11.95;11.75;11.55;11.35;11.15;11.37;11.6;11.82;12.05;12.27;12.36;12.44;12.53;12.62;12.71;12.79;12.88;13.41;13.95;14.48;15.02;15.55
171;0;0.65;1.3;1.95;2.6;3.25;3.9;4.55;5.2;5.76;6.32;6.88;7.44;8;8.78;9.57;10.35;11.14;11.92;11.73;11.54;11.34;11.15;10.96;11.18;11.4;11.61;11.83;12.05;12.14;12.22;12.31;12.4;12.49;12.57;12.66;13.23;13.8;14.36;14.93;15.5
172;0;0.64;1.28;1.91;2.55;3.19;3.83;4.46;5.1;5.66;6.21;6.77;7.32;7.88;8.64;9.4;10.17;10.93;11.69;11.5;11.32;11.13;10.95;10.76;10.98;11.19;11.41;11.62;11.84;11.92;12.01;12.09;12.18;12.26;12.35;12.43;13.02;13.62;14.21;14.81;15.4
173;0;0.63;1.25;1.88;2.5;3.13;3.75;4.38;5;5.55;6.11;6.66;7.22;7.77;8.51;9.25;9.98;10.72;11.46;11.28;11.1;10.93;10.75;10.57;10.78;10.99;11.2;11.41;11.62;11.7;11.79;11.87;11.96;12.04;12.13;12.21;12.83;13.45;14.06;14.68;15.3
174;0;0.61;1.23;1.84;2.45;3.06;3.68;4.29;4.9;5.45;6;6.55;7.1;7.65;8.37;9.08;9.8;10.51;11.23;11.06;10.89;10.71;10.54;10.37;10.58;10.78;10.99;11.19;11.4;11.48;11.56;11.64;11.73;11.81;11.89;11.97;12.6;13.22;13.85;14.47;15.1
175;0;0.6;1.2;1.8;2.4;3;3.6;4.2;4.8;5.35;5.9;6.44;6.99;7.54;8.23;8.92;9.62;10.31;11;10.83;10.67;10.5;10.34;10.17;10.37;10.58;10.78;10.99;11.19;11.27;11.35;11.43;11.51;11.59;11.67;11.75;12.32;12.89;13.46;14.03;14.6
176;0;0.59;1.18;1.76;2.35;2.94;3.53;4.11;4.7;5.24;5.79;6.33;6.88;7.42;8.09;8.76;9.42;10.09;10.76;10.6;10.44;10.29;10.13;9.97;10.17;10.37;10.56;10.76;10.96;11.04;11.12;11.2;11.27;11.35;11.43;11.51;12.03;12.55;13.06;13.58;14.1
177;0;0.58;1.15;1.73;2.3;2.88;3.45;4.03;4.6;5.14;5.68;6.22;6.76;7.3;7.95;8.59;9.24;9.88;10.53;10.38;10.23;10.07;9.92;9.77;9.97;10.16;10.36;10.55;10.75;10.83;10.9;10.98;11.06;11.14;11.21;11.29;11.75;12.21;12.68;13.14;13.6
178;0;0.56;1.13;1.69;2.25;2.81;3.38;3.94;4.5;5.04;5.57;6.11;6.64;7.18;7.8;8.43;9.05;9.68;10.3;10.15;10.01;9.86;9.72;9.57;9.76;9.95;10.15;10.34;10.53;10.6;10.68;10.75;10.83;10.9;10.98;11.05;11.46;11.87;12.28;12.69;13.1
179;0;0.55;1.1;1.65;2.2;2.75;3.3;3.85;4.4;4.93;5.46;6;6.53;7.06;7.66;8.26;8.87;9.47;10.07;9.93;9.79;9.65;9.51;9.37;9.56;9.74;9.93;10.11;10.3;10.37;10.45;10.52;10.6;10.67;10.75;10.82;11.18;11.53;11.89;12.24;12.6
180;0;0.53;1.07;1.6;2.14;2.67;3.2;3.74;4.27;4.8;5.34;5.87;6.41;6.94;7.52;8.1;8.68;9.26;9.84;9.71;9.57;9.44;9.3;9.17;9.35;9.54;9.72;9.91;10.09;10.16;10.23;10.3;10.38;10.45;10.52;10.59;10.89;11.19;11.5;11.8;12.1