TWA\TWS;0;4;6;8;10;12;16;20;25;30
0;12.0;12.0;11.4;10.8;9.6;8.4;7.2;6.0;3.6;1.2
5;12.0;12.0;11.4;10.8;9.6;8.4;7.2;6.0;3.6;1.2
10;12.0;12.0;11.4;10.8;9.6;8.4;7.2;6.0;3.6;1.2
15;12.0;12.0;11.4;10.8;9.6;8.4;7.2;6.0;3.6;1.2
20;12.0;12.0;11.4;10.8;9.6;8.4;7.2;6.0;3.6;1.2
25;12.0;12.0;11.4;10.8;9.6;8.4;7.2;6.0;3.6;1.2
30;12.0;12.0;11.4;10.8;9.6;8.4;7.2;6.0;3.6;1.2
35;12.0;12.0;11.4;10.8;9.6;8.4;7.2;6.0;3.6;1.2
40;12.0;12.0;11.4;10.8;9.6;8.4;7.2;6.0;3.6;1.2
45;12.0;12.0;11.4;10.8;9.6;8.4;7.2;6.0;3.6;1.2
50;12.0;12.0;11.4;10.8;9.6;8.4;7.2;6.0;3.6;1.2
55;12.0;12.0;11.4;10.8;9.6;8.4;7.2;6.0;3.6;1.2
60;12.0;12.0;11.4;10.8;9.6;8.4;7.2;6.0;3.6;1.2
65;12.0;12.0;11.4;10.8;9.6;8.4;7.2;6.0;3.6;1.2
70;12.0;12.0;11.4;10.8;9.6;8.4;7.2;6.0;3.6;1.2
75;12.0;12.0;11.4;10.8;9.6;8.4;7.2;6.0;3.6;1.2
80;12.0;12.0;11.4;10.8;9.6;8.4;7.2;6.0;3.6;1.2
85;12.0;12.0;11.4;10.8;9.6;8.4;7.2;6.0;3.6;1.2
90;0.0;1.5;2.3;3.0;3.5;4.0;4.5;5.0;5.3;5.5
95;0.0;1.8;2.7;3.5;4.0;4.5;5.2;5.8;6.2;6.5
100;0.0;2.1;3.1;4.0;4.6;5.2;6.0;6.7;7.2;7.5
105;0.0;2.4;3.5;4.5;5.2;5.9;6.8;7.6;8.2;8.5
110;0.0;2.7;3.9;5.0;5.8;6.6;7.6;8.5;9.2;9.5
115;0.0;3.0;4.3;5.5;6.4;7.3;8.4;9.4;10.2;10.5
120;0.0;3.3;4.7;6.0;7.0;8.0;9.2;10.3;11.2;11.5
125;0.0;3.5;5.0;6.4;7.5;8.5;9.8;11.0;11.8;12.0
130;0.0;3.7;5.3;6.8;7.9;9.0;10.3;11.5;12.0;12.0
135;0.0;3.9;5.6;7.1;8.3;9.4;10.7;11.8;12.0;12.0
140;0.0;4.1;5.8;7.4;8.6;9.8;11.0;12.0;12.0;12.0
145;0.0;4.3;6.1;7.7;9.0;10.2;11.3;12.0;12.0;12.0
150;0.0;4.5;6.4;8.0;9.3;10.5;11.5;12.0;12.0;12.0
155;0.0;4.7;6.7;8.3;9.6;10.8;11.7;12.0;12.0;12.0
160;0.0;4.9;7.0;8.6;9.9;11.0;11.9;12.0;12.0;12.0
165;0.0;5.0;7.2;8.8;10.1;11.2;12.0;12.0;12.0;12.0
170;0.0;5.1;7.4;9.0;10.3;11.4;12.0;12.0;12.0;12.0
175;0.0;5.2;7.5;9.1;10.4;11.5;12.0;12.0;12.0;12.0
180;0.0;5.2;7.5;9.2;10.5;11.5;12.0;12.0;12.0;12.0