TWA/TWS;4;6;8;10;12;14;16;20;25;30
0;0;0;0;0;0;0;0;0;0;0
40;3.2;3.6;4.4;5;5.3;5.4;5.5;5.8;5.6;5.4
50;3.6;4.5;5.4;5.75;6;6.2;6.3;6.4;6.3;6.2
55;3.75;4.8;5.6;6.1;6.15;6.3;6.4;6.5;6.55;6.6
60;3.9;5.1;5.8;6.2;6.3;6.4;6.5;6.55;6.7;6.8
70;4.1;5.3;6.1;6.3;6.5;6.6;6.65;6.7;6.9;6.95
80;4;5.5;6.2;6.4;6.55;6.65;6.7;6.8;7.2;7.25
90;4;5.4;6.25;6.45;6.6;6.8;6.85;7.05;7.25;7.3
100;3.8;5.2;6.1;6.4;6.55;6.8;6.81;7.15;7.3;7.5
110;3.5;5.1;6;6.3;6.55;6.8;6.81;7.15;7.3;7.5
120;3.2;4.8;5.8;6.25;6.6;6.95;6.95;7.15;7.25;7.55
130;2.9;4.5;5.6;6.2;6.55;6.9;6.95;7.2;7.2;7.6
140;2.6;4.1;5.3;5.95;6.4;6.8;6.85;7;7.15;7.5
150;2.4;3.5;4.65;5.55;6.25;6.5;6.65;6.8;7.05;7.3
160;2.2;3.1;4.3;5.1;5.9;6.3;6.5;6.6;7;7.2
170;1.9;2.8;3.9;4.7;5.7;6.2;6.5;6.55;7;7.1
180;1.8;2.7;3.7;4.6;5.4;6;6.5;6.55;6.9;7